QYEAR,NEWID,SEQNO,ALCNO,REC_ORIG,PROP_NOH,PROP0NOH,OWNYH,OWNYH_,PAIDLOAN,PAID_OAN,PRIMPLUS,PRIM_LUS,JINTPDX,JINTPDX_,JLCPRINX,JLCP_INX,LOAN_NOH,LOAN0NOH,TOTOWED,TOTOWED_
20241,05286634,56,0,5,01,D,100,D,2,D,0.1000,D,,A,,A,01,D,0,D
20241,05287834,25,0,5,01,D,100,D,1,D,0.1000,D,1726,F,3185,F,01,D,69037,F
20241,05289114,23,0,5,01,D,100,D,1,D,0.1000,D,2225,D,175,D,01,D,89000,D
20241,05289694,17,0,5,01,D,100,D,1,D,0.1000,D,2750,D,75910,T,01,D,110000,D
20241,05290424,25,0,5,01,D,100,D,1,D,0.1000,D,25000,D,-2992,T,01,D,359893,T
20241,05291004,22,0,5,01,D,100,D,1,D,0.1000,D,43,D,1157,D,01,D,1700,D
20241,05293014,40,0,5,01,D,100,D,1,D,0.1000,D,700,D,-100,D,01,D,28000,D
20241,05293524,17,0,5,01,D,100,D,1,D,0.1000,D,1159,F,341,F,01,D,46379,F
20241,05294084,26,0,5,01,D,100,D,1,D,0.1000,D,4924,D,-170,D,01,D,196959,D
20241,05295624,25,0,5,01,D,100,D,1,D,0.1000,D,181,D,1874,D,01,D,7250,D
20241,05296894,55,0,5,01,D,100,D,1,D,0.1000,D,652,D,1698,D,01,D,26099,D
20241,05297604,19,0,5,01,D,100,D,2,D,0.1000,D,,A,,A,01,D,52000,D
20241,05344794,26,0,5,01,D,100,D,2,D,0.1000,D,1325,F,145,F,01,D,53000,F
20241,05345634,31,0,5,01,D,100,D,2,D,0.1000,D,954,F,25,F,01,D,38176,F
20241,05346404,36,0,5,01,D,100,D,2,D,0.1000,D,,A,,A,01,D,0,D
20241,05346454,27,0,5,01,D,100,D,1,D,0.1000,D,700,D,500,D,01,D,28000,D
20241,05348004,20,0,5,01,D,100,D,2,D,0.1000,D,,A,,A,01,D,64018,D
20241,05348334,53,0,5,01,D,100,D,2,D,0.1000,D,,A,,A,01,D,0,D
20241,05348544,54,0,5,01,D,100,D,2,D,0.1000,D,41,F,1459,F,01,D,1632,F
20241,05348974,31,0,5,01,D,100,D,1,D,0.1000,D,68,D,632,D,01,D,2700,D
20241,05349784,32,0,5,01,D,100,D,1,D,0.1000,D,2225,F,175,F,01,D,89000,F
20241,05349864,21,0,5,01,D,100,D,1,D,0.1000,D,598,D,902,D,01,D,23905,D
20241,05350294,20,0,5,01,D,100,D,1,D,0.1000,D,453,D,51,D,01,D,18126,D
20241,05350294,21,0,5,01,D,100,D,1,D,0.1000,D,803,D,1045,D,02,D,32122,D
20241,05353434,16,0,5,01,D,100,D,1,D,0.1000,D,588,D,312,D,01,D,23500,D
20241,05353724,28,0,5,01,D,100,D,1,D,0.1000,D,613,D,962,D,01,D,24500,D
20241,05355024,18,0,5,01,D,100,D,1,D,0.1000,D,200,D,11800,D,01,D,8000,D
20241,05357334,19,0,5,01,D,100,D,2,D,0.1000,D,,A,,A,01,D,8000,D
20241,05358134,36,0,5,01,D,100,D,1,D,0.1000,D,954,D,25,D,01,D,38176,D
20241,05358594,33,0,5,01,D,100,D,1,D,0.1000,D,38,D,75910,T,01,D,1500,D
20241,05358664,39,0,5,01,D,100,D,1,D,0.1000,D,375,F,225,F,01,D,15000,F
20241,05358914,29,0,5,01,D,100,D,1,D,0.1000,D,3725,D,-1742,D,01,D,149000,D
20241,05359314,29,0,5,01,D,100,D,1,D,0.1000,D,1325,D,145,D,01,D,53000,D
20241,05361044,59,0,5,01,D,100,D,1,D,0.1000,D,1721,D,8779,D,01,D,68831,D
20241,05365104,33,0,5,01,D,100,D,1,D,0.1000,D,1900,D,-1000,D,01,D,76000,D
20241,05366784,18,0,5,01,D,100,D,1,D,0.1000,D,0,F,0,F,01,D,0,F
20241,05413033,28,0,5,01,D,100,D,1,D,0.1000,D,509,D,19841,D,01,D,20350,D
20241,05413283,27,0,5,01,D,100,D,1,D,0.1000,D,188,D,112,D,01,D,7500,D
20241,05413313,23,0,5,01,D,100,D,1,D,0.1000,D,675,D,225,D,01,D,27000,D
20241,05413453,37,0,5,01,D,100,D,2,D,0.1000,D,,A,,A,01,D,0,D
20241,05415033,44,0,5,01,D,100,D,1,D,0.1000,D,525,D,1875,D,01,D,21000,D
20241,05416223,61,0,5,01,D,100,D,1,D,0.1000,D,750,D,0,D,01,D,30000,D
20241,05417663,44,0,5,01,D,100,D,1,D,0.1000,D,4750,D,16250,D,01,D,190000,D
20241,05420763,51,0,5,01,D,100,D,1,D,0.1000,D,1000,D,197,D,01,D,40000,D
20241,05421323,33,0,5,01,D,100,D,1,D,0.1000,D,0,D,0,D,01,D,0,D
20241,05421773,29,0,5,01,D,100,D,2,D,0.1000,D,,A,,A,01,D,130000,D
20241,05422393,26,0,5,01,D,100,D,2,D,0.1000,D,,A,,A,01,D,0,D
20241,05423773,20,0,5,01,D,100,D,2,D,0.1000,D,,A,,A,01,D,22000,D
20241,05424033,56,0,5,01,D,100,D,2,D,0.1000,D,,A,,A,01,D,0,D
20241,05425403,30,0,5,01,D,100,D,1,D,0.1000,D,340,D,2716,D,01,D,13606,D
20241,05426003,33,0,5,01,D,100,D,2,D,0.1000,D,,A,,A,01,D,28000,D
20241,05426153,24,0,5,01,D,100,D,1,D,0.1000,D,1550,D,-50,D,01,D,62000,D
20241,05428653,29,0,5,01,D,100,D,1,D,0.1000,D,5375,D,-488,D,01,D,359893,T
20241,05428803,39,0,5,01,D,100,D,1,D,0.1000,D,250,D,9850,D,01,D,10000,D
20241,05428943,24,0,5,01,D,100,D,1,D,0.1000,D,400,D,150,D,01,D,16000,D
20241,05429303,21,0,5,01,D,100,D,2,D,0.1000,D,,A,,A,01,D,0,D
20241,05430123,26,0,5,01,D,100,D,1,D,0.1000,D,2200,D,-108,D,01,D,88000,D
20241,05430703,44,0,5,01,D,100,D,1,D,0.1000,D,2500,D,2000,D,01,D,100000,D
20241,05432983,14,0,5,01,D,100,D,1,D,0.1000,D,200,D,400,D,01,D,8000,D
20241,05433373,30,0,5,01,D,100,D,2,D,0.1000,D,,A,,A,01,D,77263,D
20241,05433723,52,0,5,01,D,100,D,1,D,0.1000,D,2000,D,-1799,D,01,D,80000,D
20241,05434473,32,0,5,01,D,100,D,1,D,0.1000,D,30,D,1169,D,01,D,1199,D
20241,05434743,61,0,5,01,D,100,D,1,D,0.1000,D,550,D,5000,D,01,D,22000,D
20241,05435133,32,0,5,01,D,100,D,2,D,0.1000,D,,A,,A,01,D,79000,D
20241,05436063,19,0,5,01,D,100,D,2,D,0.1000,D,,A,,A,01,D,0,D
20241,05436133,33,0,5,01,D,100,D,2,D,0.1000,D,,A,,A,01,D,0,D
20241,05438803,23,0,5,01,D,100,D,1,D,0.1000,D,1400,D,700,D,01,D,56000,D
20241,05439693,50,0,5,01,D,100,D,1,D,0.1000,D,668,D,732,D,01,D,26731,D
20241,05439943,19,0,5,01,D,100,D,1,D,0.1000,D,2425,D,-425,D,01,D,97000,D
20241,05440253,37,0,1,01,D,100,D,1,D,0.1000,D,675,D,375,D,01,D,27000,D
20241,05442163,32,0,5,01,D,100,D,1,D,0.1000,D,2750,F,75910,V,01,D,110000,F
20241,05442243,22,0,5,01,D,100,D,1,D,0.1000,D,323,D,163,D,01,D,12900,D
20241,05443343,28,0,5,01,D,100,D,1,D,0.1000,D,1000,D,-500,D,01,D,40000,D
20241,05443833,20,0,5,01,D,100,D,1,D,0.1000,D,304,D,4276,D,01,D,12150,D
20241,05444003,20,0,5,01,D,100,D,2,D,0.1000,D,,A,,A,01,D,0,D
20241,05444073,29,0,5,01,D,100,D,1,D,0.1000,D,1000,D,140,D,01,D,40000,D
20241,05444303,14,0,1,01,D,100,D,1,D,0.1000,D,100,D,140,D,01,D,4000,D
20241,05445533,15,0,5,01,D,100,D,2,D,0.1000,D,,A,,A,01,D,0,D
20241,05446013,25,0,5,01,D,100,D,1,D,0.1000,D,1250,F,550,F,01,D,50000,F
20241,05538932,20,0,5,01,D,100,D,1,D,0.1000,D,75,D,825,D,01,D,3000,D
20241,05539772,14,0,1,01,D,100,D,1,D,0.1000,D,420,D,255,D,01,D,16800,D
20241,05540212,9,0,1,01,D,100,D,2,D,0.1000,D,,A,,A,01,D,359893,T
20241,05540552,21,0,5,01,D,100,D,2,D,0.1000,D,,A,,A,01,D,10000,D
20241,05541532,29,0,5,01,D,100,D,1,D,0.1000,D,1475,D,337,D,01,D,59000,D
20241,05545342,26,0,5,01,D,100,D,2,D,0.1000,D,,A,,A,01,D,0,D
20241,05545382,20,0,5,01,D,100,D,2,D,0.1000,D,,A,,A,01,D,0,D
20241,05545802,34,0,5,01,D,100,D,1,D,0.1000,D,2375,F,1525,F,01,D,95000,F
20241,05547312,35,0,5,01,D,100,D,2,D,0.1000,D,,A,,A,01,D,0,D
20241,05547402,26,0,5,01,D,100,D,1,D,0.1000,D,50,D,550,D,01,D,2000,D
20241,05547502,17,0,5,01,D,100,D,1,D,0.1000,D,725,D,325,D,01,D,29000,D
20241,05548302,15,0,1,01,D,100,D,1,D,0.1000,D,675,F,375,F,01,D,27000,F
20241,05548682,13,0,5,01,D,100,D,1,D,0.1000,D,200,F,11800,F,01,D,8000,F
20241,05549362,31,0,5,01,D,100,D,1,D,0.1000,D,1159,D,341,D,01,D,46379,D
20241,05549822,33,0,1,01,D,100,D,1,D,0.1000,D,550,D,140,D,01,D,22000,D
20241,05551562,28,0,5,01,D,100,D,1,D,0.1000,D,4175,F,-434,F,01,D,167000,F
20241,05551572,28,0,5,01,D,100,D,1,D,0.1000,D,2411,D,-185,D,01,D,96428,D
20241,05551602,17,0,1,01,D,100,D,1,D,0.1000,D,475,D,1425,D,01,D,19000,D
20241,05552772,13,0,5,01,D,100,D,2,D,0.1000,D,,A,,A,01,D,0,D
20241,05553762,36,0,5,01,D,100,D,1,D,0.1000,D,1600,F,-100,F,01,D,64000,F
20241,05557702,19,0,5,01,D,100,D,1,D,0.1000,D,552,D,948,D,01,D,22075,D
20241,05558922,21,0,1,01,D,100,D,1,D,0.1000,D,375,D,495,D,01,D,15000,D
20241,05559392,31,0,5,01,D,100,D,2,D,0.1000,D,,A,,A,01,D,0,D
20241,05561442,38,0,5,01,D,100,D,1,D,0.1000,D,50,D,1950,D,01,D,2000,D
20241,05563992,33,0,5,01,D,100,D,2,D,0.1000,D,181,F,1874,F,01,D,7250,F
20241,05564352,14,0,5,01,D,100,D,1,D,0.1000,D,2375,D,1525,D,01,D,95000,D
20241,05565222,20,0,5,01,D,100,D,1,D,0.1000,D,110,D,490,D,01,D,4400,D
20241,05565392,25,0,5,01,D,100,D,2,D,0.1000,D,,A,,A,01,D,0,D
20241,05565862,15,0,1,01,D,100,D,1,D,0.1000,D,420,F,255,F,01,D,16800,F
20241,05566432,23,0,1,01,D,100,D,1,D,0.1000,D,620,D,-20,D,01,D,24800,D
20241,05567332,10,0,1,01,D,100,D,1,D,0.1000,D,500,D,-200,D,01,D,20000,D
20241,05568072,38,0,5,01,D,100,D,1,D,0.1000,D,272,D,178,D,01,D,10860,D
20241,05568212,43,0,5,01,D,100,D,1,D,0.1000,D,41,D,1459,D,01,D,1632,D
20241,05568612,17,0,5,01,D,100,D,2,D,0.1000,D,925,F,-25,F,01,D,37000,F
20241,05571542,65,0,5,01,D,100,D,1,D,0.1000,D,1700,D,-275,D,01,D,68000,D
20241,05572022,63,0,5,01,D,100,D,2,D,0.1000,D,,A,,A,01,D,0,D
20241,05573244,36,0,5,01,D,100,D,2,D,0.1000,D,,A,,A,01,D,0,D
20241,05573472,30,0,5,01,D,100,D,1,D,0.1000,D,5253,D,3147,D,01,D,359893,T
20241,05573831,12,0,1,01,D,100,D,1,D,0.1000,D,1600,D,-100,D,01,D,64000,D
20241,05574481,23,0,1,01,D,100,D,1,D,0.1000,D,925,D,-25,D,01,D,37000,D
20241,05575811,26,0,1,01,D,100,D,2,D,0.1000,D,,A,,A,01,D,0,D
20241,05576411,14,0,1,01,D,100,D,2,D,0.1000,D,,A,,A,01,D,7000,D
20241,05577721,19,0,1,01,D,100,D,2,D,0.1000,D,,A,,A,01,D,0,D
20241,05578081,16,0,1,01,D,100,D,1,D,0.1000,D,2450,F,2050,F,01,D,98000,F
20241,05578181,29,0,1,01,D,100,D,1,D,0.1000,D,5500,D,200,D,01,D,359893,T
20241,05578981,15,0,1,01,D,100,D,1,D,0.1000,D,253,D,77,D,01,D,10135,D
20241,05579061,21,0,1,01,D,100,D,1,D,0.1000,D,3725,D,-2992,T,01,D,149000,D
20241,05581551,25,0,1,01,D,100,D,1,D,0.1000,D,2500,F,500,F,01,D,100000,F
20241,05582421,12,0,1,01,D,100,D,2,D,0.1000,D,,A,,A,01,D,0,D
20241,05582491,34,0,1,01,D,100,D,1,D,0.1000,D,2500,D,500,D,01,D,100000,D
20241,05584441,13,0,1,01,D,100,D,1,D,0.1000,D,1400,F,700,F,01,D,56000,F
20241,05584711,15,0,1,01,D,100,D,1,D,0.1000,D,2500,D,-142,D,01,D,100000,D
20241,05584721,16,0,1,01,D,100,D,1,D,0.1000,D,400,D,200,D,01,D,16000,D
20241,05585311,10,0,1,01,D,100,D,1,D,0.1000,D,4750,F,16250,F,01,D,190000,F
20241,05587041,21,0,1,01,D,100,D,1,D,0.1000,D,1275,D,2325,D,01,D,51000,D
20241,05587451,32,0,1,01,D,100,D,1,D,0.1000,D,53,D,947,D,01,D,2100,D
20241,05588181,16,0,1,01,D,100,D,1,D,0.1000,D,3150,D,-855,D,01,D,126000,D
20241,05588571,28,0,1,01,D,100,D,1,D,0.1000,D,3500,D,700,D,01,D,140000,D
20241,05589151,19,0,1,01,D,100,D,1,D,0.1000,D,4175,D,-434,D,01,D,167000,D
20241,05589561,21,0,1,01,D,100,D,1,D,0.1000,D,1726,D,3185,D,01,D,69037,D
20241,05589951,29,0,1,01,D,100,D,2,D,0.1000,D,,A,,A,01,D,0,D
20241,05592941,19,0,1,01,D,100,D,1,D,0.1000,D,2250,D,750,D,01,D,90000,D
20241,05593081,15,0,1,01,D,100,D,1,D,0.1000,D,1250,D,550,D,01,D,50000,D
20241,05593491,27,0,1,01,D,100,D,1,D,0.1000,D,2450,D,2050,D,01,D,98000,D
20241,05593651,28,0,1,01,D,100,D,1,D,0.1000,D,550,F,140,F,01,D,22000,F
20241,05597211,23,0,1,01,D,100,D,1,D,0.1000,D,750,D,-150,D,01,D,30000,D
20241,05597551,15,0,1,01,D,100,D,2,D,0.1000,D,,A,,A,01,D,0,D
20241,05598121,19,0,1,01,D,100,D,2,D,0.1000,D,,A,,A,01,D,0,D
20241,05598201,23,0,1,01,D,100,D,1,D,0.1000,D,9525,D,1065,D,01,D,359893,T
20241,05598251,16,0,1,01,D,100,D,1,D,0.1000,D,3750,D,-150,D,01,D,150000,D
20241,05599231,26,0,1,01,D,100,D,1,D,0.1000,D,590,D,760,D,01,D,23600,D
20241,05600301,16,0,1,01,D,100,D,2,D,0.1000,D,,A,,A,01,D,0,D
20241,05601551,23,0,1,01,D,100,D,2,D,0.1000,D,,A,,A,01,D,0,D
20241,05602511,13,0,1,01,D,100,D,2,D,0.1000,D,,A,,A,01,D,0,D
20241,05604871,24,0,1,01,D,100,D,1,D,0.1000,D,230,D,6970,D,01,D,9200,D
20241,05604901,16,0,1,01,D,100,D,2,D,0.1000,D,,A,,A,01,D,0,D
20241,05605041,16,0,1,01,D,100,D,1,D,0.1000,D,375,D,225,D,01,D,15000,D
20242,05413034,24,0,5,01,D,100,D,2,D,0.1000,D,,A,,A,01,D,0,D
20242,05413284,23,0,5,01,D,100,D,1,D,0.1000,D,250,D,50,D,01,D,10000,D
20242,05413454,37,0,5,01,D,100,D,1,D,0.1000,D,4350,F,-1050,F,01,D,174000,F
20242,05415034,47,0,5,01,D,100,D,1,D,0.1000,D,13,D,487,D,01,D,500,D
20242,05416224,49,0,5,01,D,100,D,1,D,0.1000,D,775,D,-25,D,01,D,31000,D
20242,05417664,49,0,5,01,D,100,D,1,D,0.1000,D,6250,D,75910,T,01,D,359893,T
20242,05420424,17,0,5,01,D,100,D,2,D,0.1000,D,700,F,50,F,01,D,28000,F
20242,05420764,42,0,5,01,D,100,D,2,D,0.1000,D,,A,,A,01,D,0,D
20242,05421324,37,0,5,01,D,100,D,1,D,0.1000,D,0,D,0,D,01,D,0,D
20242,05421774,43,0,5,01,D,100,D,2,D,0.1000,D,1250,F,550,F,01,D,50000,F
20242,05422394,32,0,5,01,D,100,D,2,D,0.1000,D,,A,,A,01,D,0,D
20242,05423774,22,0,5,01,D,100,D,1,D,0.1000,D,567,D,243,D,01,D,22692,D
20242,05423914,39,0,5,01,D,100,D,2,D,0.1000,D,,A,,A,01,D,0,D
20242,05424034,67,0,5,01,D,100,D,2,D,0.1000,D,,A,,A,01,D,0,D
20242,05425404,31,0,5,01,D,100,D,1,D,0.1000,D,250,D,2939,D,01,D,10000,D
20242,05426004,29,0,5,01,D,100,D,2,D,0.1000,D,1593,F,75910,V,01,D,63700,F
20242,05426154,37,0,5,01,D,100,D,1,D,0.1000,D,18,D,682,D,01,D,700,D
20242,05427804,29,0,5,01,D,100,D,1,D,0.1000,D,2000,D,-1100,D,01,D,80000,D
20242,05428434,39,0,5,01,D,100,D,2,D,0.1000,D,,A,,A,01,D,50000,D
20242,05428654,26,0,5,01,D,100,D,1,D,0.1000,D,5250,D,-366,D,01,D,210000,D
20242,05428794,36,0,5,01,D,100,D,2,D,0.1000,D,,A,,A,01,D,3200,D
20242,05428804,40,0,5,01,D,100,D,2,D,0.1000,D,,A,,A,01,D,0,D
20242,05428944,36,0,5,01,D,100,D,1,D,0.1000,D,375,D,225,D,01,D,15000,D
20242,05429304,18,0,5,01,D,100,D,2,D,0.1000,D,,A,,A,01,D,0,D
20242,05430124,32,0,5,01,D,100,D,1,D,0.1000,D,3025,D,-534,D,01,D,121000,D
20242,05430704,40,0,5,01,D,100,D,1,D,0.1000,D,2550,D,2450,D,01,D,102000,D
20242,05432984,15,0,5,01,D,100,D,2,D,0.1000,D,,A,,A,01,D,6000,D
20242,05433374,30,0,5,01,D,100,D,2,D,0.1000,D,,A,,A,01,D,76324,D
20242,05433724,49,0,5,01,D,100,D,1,D,0.1000,D,2000,D,-77,D,01,D,80000,D
20242,05434474,24,0,5,01,D,100,D,2,D,0.1000,D,,A,,A,01,D,0,D
20242,05434744,49,0,5,01,D,100,D,1,D,0.1000,D,1593,D,75910,T,01,D,63700,D
20242,05435134,28,0,5,01,D,100,D,1,D,0.1000,D,1988,D,628,D,01,D,79500,D
20242,05436134,44,0,5,01,D,100,D,2,D,0.1000,D,,A,,A,01,D,0,D
20242,05438804,26,0,5,01,D,100,D,1,D,0.1000,D,1580,D,520,D,01,D,63200,D
20242,05439694,37,0,5,01,D,100,D,1,D,0.1000,D,620,D,430,D,01,D,24784,D
20242,05439944,26,0,5,01,D,100,D,1,D,0.1000,D,1650,D,-108,D,01,D,65981,D
20242,05440254,52,0,5,01,D,100,D,1,D,0.1000,D,500,D,400,D,01,D,20000,D
20242,05441354,15,0,5,01,D,100,D,2,D,0.1000,D,,A,,A,01,D,0,D
20242,05441564,18,0,5,01,D,100,D,1,D,0.1000,D,175,F,356,F,01,D,7000,F
20242,05442164,40,0,5,01,D,100,D,1,D,0.1000,D,1133,D,367,D,01,D,45320,D
20242,05443344,36,0,5,01,D,100,D,1,D,0.1000,D,913,D,2087,D,01,D,36500,D
20242,05443834,20,0,5,01,D,100,D,1,D,0.1000,D,250,D,200,D,01,D,10000,D
20242,05444004,23,0,5,01,D,100,D,2,D,0.1000,D,,A,,A,01,D,0,D
20242,05444074,30,0,5,01,D,100,D,1,D,0.1000,D,1200,D,0,D,01,D,48000,D
20242,05444304,23,0,5,01,D,100,D,1,D,0.1000,D,100,D,176,D,01,D,4000,D
20242,05445534,18,0,5,01,D,100,D,2,D,0.1000,D,,A,,A,01,D,0,D
20242,05446014,17,0,5,01,D,100,D,1,D,0.1000,D,113,D,694,D,01,D,4500,D
20242,05538933,25,0,5,01,D,100,D,1,D,0.1000,D,88,D,712,D,01,D,3500,D
20242,05540213,18,0,5,01,D,100,D,1,D,0.1000,D,88,D,3412,D,01,D,3500,D
20242,05540553,24,0,5,01,D,100,D,2,D,0.1000,D,,A,,A,01,D,8000,D
20242,05541533,25,0,5,01,D,100,D,1,D,0.1000,D,1400,D,445,D,01,D,56000,D
20242,05545343,28,0,5,01,D,100,D,2,D,0.1000,D,,A,,A,01,D,68000,D
20242,05545383,22,0,5,01,D,100,D,2,D,0.1000,D,,A,,A,01,D,0,D
20242,05546443,14,0,1,01,D,100,D,1,D,0.1000,D,368,D,82,D,01,D,14700,D
20242,05547313,25,0,5,01,D,100,D,2,D,0.1000,D,,A,,A,01,D,0,D
20242,05547403,29,0,5,01,D,100,D,1,D,0.1000,D,50,D,400,D,01,D,2000,D
20242,05548683,17,0,5,01,D,100,D,2,D,0.1000,D,,A,,A,01,D,1700,D
20242,05549363,25,0,5,01,D,100,D,1,D,0.1000,D,1491,D,309,D,01,D,59635,D
20242,05549823,31,0,5,01,D,100,D,1,D,0.1000,D,925,D,5,D,01,D,37000,D
20242,05551423,37,0,5,01,D,100,D,1,D,0.1000,D,200,D,40,D,01,D,8000,D
20242,05551563,25,0,5,01,D,100,D,1,D,0.1000,D,2200,D,-100,D,01,D,88000,D
20242,05551573,31,0,5,01,D,100,D,1,D,0.1000,D,2402,D,-851,D,01,D,96067,D
20242,05551603,21,0,5,01,D,100,D,2,D,0.1000,D,,A,,A,01,D,0,D
20242,05553763,39,0,5,01,D,100,D,1,D,0.1000,D,0,F,0,F,01,D,0,F
20242,05557703,22,0,5,01,D,100,D,1,D,0.1000,D,487,D,1013,D,01,D,19474,D
20242,05559393,36,0,5,01,D,100,D,2,D,0.1000,D,,A,,A,01,D,0,D
20242,05560733,20,0,5,01,D,100,D,2,D,0.1000,D,,A,,A,01,D,0,D
20242,05561443,26,0,5,01,D,100,D,1,D,0.1000,D,0,D,0,D,01,D,0,D
20242,05563993,44,0,5,01,D,100,D,1,D,0.1000,D,275,F,1225,F,01,D,11000,F
20242,05564353,14,0,5,01,D,100,D,1,D,0.1000,D,2250,D,1350,D,01,D,90000,D
20242,05565223,30,0,5,01,D,100,D,1,D,0.1000,D,95,D,1105,D,01,D,3800,D
20242,05565393,21,0,5,01,D,100,D,1,D,0.1000,D,400,D,500,D,01,D,16000,D
20242,05566433,17,0,5,01,D,100,D,1,D,0.1000,D,615,D,135,D,01,D,24600,D
20242,05567333,24,0,5,01,D,100,D,2,D,0.1000,D,,A,,A,01,D,20000,D
20242,05568073,53,0,5,01,D,100,D,1,D,0.1000,D,268,D,182,D,01,D,10700,D
20242,05572023,51,0,5,01,D,100,D,2,D,0.1000,D,,A,,A,01,D,0,D
20242,05573313,24,0,5,01,D,100,D,1,D,0.1000,D,1350,D,1650,D,01,D,54000,D
20242,05573473,20,0,5,01,D,100,D,1,D,0.1000,D,5000,D,-800,D,01,D,200000,D
20242,05573832,22,0,5,01,D,100,D,1,D,0.1000,D,1650,D,-240,D,01,D,66000,D
20242,05574482,20,0,5,01,D,100,D,1,D,0.1000,D,800,D,1000,D,01,D,32000,D
20242,05575812,22,0,5,01,D,100,D,2,D,0.1000,D,,A,,A,01,D,0,D
20242,05576392,14,0,1,01,D,100,D,1,D,0.1000,D,700,D,50,D,01,D,28000,D
20242,05576412,25,0,5,01,D,100,D,1,D,0.1000,D,1175,D,25,D,01,D,47000,D
20242,05577722,32,0,5,01,D,100,D,1,D,0.1000,D,2200,F,-100,F,01,D,88000,F
20242,05578082,25,0,5,01,D,100,D,2,D,0.1000,D,1300,F,-100,F,01,D,52000,F
20242,05578842,17,0,1,01,D,100,D,1,D,0.1000,D,1200,D,450,D,01,D,48000,D
20242,05578982,19,0,5,01,D,100,D,1,D,0.1000,D,243,F,132,F,01,D,9700,F
20242,05580592,23,0,5,01,D,100,D,2,D,0.1000,D,,A,,A,01,D,100000,D
20242,05581552,38,0,5,01,D,100,D,1,D,0.1000,D,275,D,1225,D,01,D,11000,D
20242,05582492,40,0,5,01,D,100,D,1,D,0.1000,D,5000,D,-2600,D,01,D,200000,D
20242,05584712,16,0,5,01,D,100,D,1,D,0.1000,D,2500,D,-145,D,01,D,100000,D
20242,05584722,22,0,5,01,D,100,D,1,D,0.1000,D,13,D,587,D,01,D,500,D
20242,05585062,23,0,1,01,D,100,D,1,D,0.1000,D,1025,D,475,D,01,D,41000,D
20242,05585312,14,0,5,01,D,100,D,2,D,0.1000,D,,A,,A,01,D,50000,D
20242,05587452,54,0,5,01,D,100,D,2,D,0.1000,D,,A,,A,01,D,0,D
20242,05588182,21,0,5,01,D,100,D,2,D,0.1000,D,,A,,A,01,D,165000,D
20242,05588572,29,0,5,01,D,100,D,1,D,0.1000,D,3000,D,600,D,01,D,120000,D
20242,05589152,27,0,5,01,D,100,D,1,D,0.1000,D,3925,D,-325,D,01,D,157000,D
20242,05589582,17,0,5,01,D,100,D,2,D,0.1000,D,,A,,A,01,D,21000,D
20242,05589952,43,0,5,01,D,100,D,2,D,0.1000,D,,A,,A,01,D,0,D
20242,05591542,34,0,5,01,D,100,D,2,D,0.1000,D,,A,,A,01,D,0,D
20242,05592942,24,0,5,01,D,100,D,1,D,0.1000,D,2250,D,1650,D,01,D,90000,D
20242,05593492,34,0,5,01,D,100,D,1,D,0.1000,D,3925,D,575,D,01,D,157000,D
20242,05593652,46,0,5,01,D,100,D,1,D,0.1000,D,1250,D,550,D,01,D,50000,D
20242,05594832,11,0,1,01,D,100,D,1,D,0.1000,D,1025,F,475,F,01,D,41000,F
20242,05597212,39,0,5,01,D,100,D,1,D,0.1000,D,500,D,550,D,01,D,20000,D
20242,05598122,26,0,5,01,D,100,D,2,D,0.1000,D,,A,,A,01,D,0,D
20242,05598252,24,0,5,01,D,100,D,1,D,0.1000,D,3725,D,-125,D,01,D,149000,D
20242,05599232,33,0,5,01,D,100,D,1,D,0.1000,D,11,D,414,D,01,D,425,D
20242,05599942,21,0,1,01,D,100,D,1,D,0.1000,D,925,D,-25,D,01,D,37000,D
20242,05600092,36,0,1,01,D,100,D,,C,0.1000,D,620,F,430,F,01,D,24784,F
20242,05600302,22,0,5,01,D,100,D,2,D,0.1000,D,,A,,A,01,D,0,D
20242,05601552,38,0,5,01,D,100,D,2,D,0.1000,D,,A,,A,01,D,0,D
20242,05604632,30,0,1,01,D,100,D,2,D,0.1000,D,,A,,A,01,D,0,D
20242,05604902,20,0,5,01,D,100,D,2,D,0.1000,D,,A,,A,01,D,359893,T
20242,05605862,23,0,5,01,D,100,D,2,D,0.1000,D,,A,,A,01,D,0,D
20242,05606282,31,0,5,01,D,100,D,2,D,0.1000,D,,A,,A,01,D,0,D
20242,05607392,16,0,1,01,D,100,D,1,D,0.1000,D,650,F,700,F,01,D,26000,F
20242,05654671,25,0,1,01,D,100,D,1,D,0.1000,D,525,D,850,D,01,D,21000,D
20242,05654741,17,0,1,01,D,100,D,1,D,0.1000,D,150,D,900,D,01,D,6000,D
20242,05654771,18,0,1,01,D,100,D,1,D,0.1000,D,625,D,575,D,01,D,25000,D
20242,05655841,25,0,1,01,D,100,D,1,D,0.1000,D,1125,D,375,D,01,D,45000,D
20242,05655991,27,0,1,01,D,100,D,1,D,0.1000,D,1300,D,-100,D,01,D,52000,D
20242,05656371,13,0,1,01,D,100,D,2,D,0.1000,D,,A,,A,01,D,0,D
20242,05656961,19,0,1,01,D,100,D,2,D,0.1000,D,,A,,A,01,D,0,D
20242,05657501,17,0,1,01,D,100,D,2,D,0.1000,D,2500,D,-2200,D,01,D,100000,D
20242,05657581,24,0,1,01,D,100,D,1,D,0.1000,D,1075,D,425,D,01,D,43000,D
20242,05657811,20,0,1,01,D,100,D,1,D,0.1000,D,650,D,700,D,01,D,26000,D
20242,05659951,13,0,1,01,D,100,D,1,D,0.1000,D,1550,D,970,D,01,D,62000,D
20242,05660351,12,0,1,01,D,100,D,1,D,0.1000,D,438,D,462,D,01,D,17500,D
20242,05661021,20,0,1,01,D,100,D,1,D,0.1000,D,1155,D,134,D,01,D,46211,D
20242,05661831,31,0,1,01,D,100,D,1,D,0.1000,D,59,D,241,D,01,D,2345,D
20242,05664901,20,0,1,01,D,100,D,1,D,0.1000,D,2450,D,-99,D,01,D,98000,D
20242,05665231,29,0,1,01,D,100,D,1,D,0.1000,D,13,F,487,F,01,D,500,F
20242,05667931,31,0,1,01,D,100,D,1,D,0.1000,D,95,F,1105,F,01,D,3800,F
20242,05668411,26,0,1,01,D,100,D,1,D,0.1000,D,0,D,0,D,01,D,0,D
20242,05668851,14,0,1,01,D,100,D,1,D,0.1000,D,15,D,585,D,01,D,600,D
20242,05668891,43,0,1,01,D,100,D,1,D,0.1000,D,95,D,580,D,01,D,3800,D
20242,05669781,19,0,1,01,D,100,D,1,D,0.1000,D,175,D,356,D,01,D,7000,D
20242,05669911,24,0,1,01,D,100,D,1,D,0.1000,D,243,D,132,D,01,D,9700,D
20242,05670921,22,0,1,01,D,100,D,2,D,0.1000,D,,A,,A,01,D,30000,D
20242,05674421,16,0,1,01,D,100,D,1,D,0.1000,D,575,D,625,D,01,D,23000,D
20242,05675961,24,0,1,01,D,100,D,1,D,0.1000,D,1792,D,-1108,D,01,D,71663,D
20242,05675991,40,0,1,01,D,100,D,1,D,0.1000,D,3725,F,-125,F,01,D,149000,F
20242,05676981,17,0,1,01,D,100,D,1,D,0.1000,D,425,D,125,D,01,D,17000,D
20242,05678251,14,0,1,01,D,100,D,1,D,0.1000,D,4212,D,2214,D,01,D,168497,D
20242,05678331,33,0,1,01,D,100,D,1,D,0.1000,D,800,F,1000,F,01,D,32000,F
20242,05679141,39,0,1,01,D,100,D,1,D,0.1000,D,2225,D,400,D,01,D,89000,D
20242,05680011,16,0,1,01,D,100,D,1,D,0.1000,D,1200,F,450,F,01,D,48000,F
20242,05680691,15,0,1,01,D,100,D,1,D,0.1000,D,1075,D,-366,D,01,D,43000,D
20242,05681351,24,0,1,01,D,100,D,1,D,0.1000,D,1475,D,-125,D,01,D,59000,D
20242,05681711,29,0,1,01,D,100,D,1,D,0.1000,D,4350,D,-1050,D,01,D,174000,D
20242,05683171,33,0,1,01,D,100,D,2,D,0.1000,D,,A,,A,01,D,0,D
20242,05686011,28,0,1,01,D,100,D,1,D,0.1000,D,1593,D,14952,D,01,D,63736,D
20242,05686511,39,0,1,01,D,100,D,1,D,0.1000,D,550,D,2450,D,01,D,22000,D
20242,05687511,30,0,1,01,D,100,D,1,D,0.1000,D,976,D,164,D,01,D,39053,D
20242,05687911,18,0,1,01,D,100,D,1,D,0.1000,D,317,D,601,D,01,D,12674,D
20243,05538934,22,0,5,01,D,100,D,1,D,0.0994,D,28,D,1272,D,01,D,1125,D
20243,05540214,18,0,5,01,D,100,D,1,D,0.0994,D,3877,F,623,F,01,D,156000,F
20243,05540554,26,0,5,01,D,100,D,1,D,0.0994,D,298,D,152,D,01,D,12000,D
20243,05541534,31,0,5,01,D,100,D,2,D,0.0994,D,,A,,A,01,D,55284,D
20243,05542164,40,0,5,01,D,100,D,2,D,0.0994,D,,A,,A,01,D,359893,T
20243,05542654,19,0,5,01,D,100,D,1,D,0.0994,D,249,D,-149,D,01,D,10000,D
20243,05545344,20,0,5,01,D,100,D,2,D,0.0994,D,,A,,A,01,D,68000,D
20243,05545384,27,0,5,01,D,100,D,2,D,0.0994,D,,A,,A,01,D,0,D
20243,05545804,51,0,5,01,D,100,D,1,D,0.0994,D,1033,D,767,D,01,D,41561,D
20243,05545884,21,0,5,01,D,100,D,2,D,0.0994,D,,A,,A,01,D,50000,D
20243,05546154,16,0,5,01,D,100,D,1,D,0.0994,D,1416,F,-231,F,01,D,57000,F
20243,05547314,27,0,5,01,D,100,D,2,D,0.0994,D,,A,,A,01,D,0,D
20243,05547404,28,0,5,01,D,100,D,1,D,0.0994,D,6,D,144,D,01,D,250,D
20243,05547504,35,0,5,01,D,100,D,1,D,0.0994,D,746,D,154,D,01,D,30000,D
20243,05548304,23,0,5,01,D,100,D,1,D,0.0994,D,1148,F,119,F,01,D,46200,F
20243,05549364,23,0,5,01,D,100,D,1,D,0.0994,D,1589,D,61,D,01,D,63936,D
20243,05549824,34,0,5,01,D,100,D,1,D,0.0994,D,1491,D,159,D,01,D,60000,D
20243,05550854,33,0,5,01,D,100,D,1,D,0.0994,D,746,F,6154,F,01,D,30000,F
20243,05551104,24,0,5,01,D,100,D,2,D,0.0994,D,,A,,A,01,D,0,D
20243,05551564,24,0,5,01,D,100,D,1,D,0.0994,D,1988,D,112,D,01,D,80000,D
20243,05551574,28,0,5,01,D,100,D,1,D,0.0994,D,2386,D,-811,D,01,D,96000,D
20243,05551604,22,0,5,01,D,100,D,2,D,0.0994,D,,A,,A,01,D,0,D
20243,05552174,38,0,5,01,D,100,D,1,D,0.0994,D,124,D,-56,D,01,D,5000,D
20243,05557704,24,0,5,01,D,100,D,1,D,0.0994,D,454,D,1046,D,01,D,18275,D
20243,05559394,35,0,5,01,D,100,D,2,D,0.0994,D,,A,,A,01,D,0,D
20243,05560734,27,0,5,01,D,100,D,2,D,0.0994,D,,A,,A,01,D,0,D
20243,05561444,30,0,5,01,D,100,D,1,D,0.0994,D,870,F,822,F,01,D,35000,F
20243,05563994,43,0,5,01,D,100,D,2,D,0.0994,D,298,F,152,F,01,D,12000,F
20243,05564354,18,0,5,01,D,100,D,1,D,0.0994,D,2112,D,2088,D,01,D,85000,D
20243,05565224,23,0,5,01,D,100,D,1,D,0.0994,D,62,D,1438,D,01,D,2500,D
20243,05565394,24,0,5,01,D,100,D,1,D,0.0994,D,410,D,490,D,01,D,16480,D
20243,05567334,18,0,5,01,D,100,D,1,D,0.0994,D,572,D,28,D,01,D,23000,D
20243,05568074,47,0,5,01,D,100,D,1,D,0.0994,D,263,D,202,D,01,D,10574,D
20243,05572024,52,0,5,01,D,100,D,2,D,0.0994,D,,A,,A,01,D,0,D
20243,05573314,23,0,5,01,D,100,D,1,D,0.0994,D,1342,D,908,D,01,D,54000,D
20243,05573474,35,0,5,01,D,100,D,1,D,0.0994,D,6958,D,2042,D,01,D,359893,T
20243,05573833,26,0,5,01,D,100,D,1,D,0.0994,D,1317,D,-285,D,01,D,53000,D
20243,05575813,23,0,5,01,D,100,D,2,D,0.0994,D,,A,,A,01,D,0,D
20243,05576393,19,0,5,01,D,100,D,1,D,0.0994,D,678,D,72,D,01,D,27300,D
20243,05576413,27,0,5,01,D,100,D,1,D,0.0994,D,298,D,335,D,02,D,12000,D
20243,05576413,28,0,5,01,D,100,D,1,D,0.0994,D,1789,D,75910,T,01,D,72000,D
20243,05577723,37,0,5,01,D,100,D,1,D,0.0994,D,99,D,201,D,01,D,4000,D
20243,05578183,39,0,5,01,D,100,D,1,D,0.0994,D,5467,D,-367,D,01,D,359893,T
20243,05578843,23,0,5,01,D,100,D,1,D,0.0994,D,1292,D,193,D,01,D,52000,D
20243,05578983,19,0,5,01,D,100,D,1,D,0.0994,D,266,D,70,D,01,D,10700,D
20243,05579063,27,0,5,01,D,100,D,1,D,0.0994,D,4324,D,146,D,01,D,174000,D
20243,05580593,21,0,5,01,D,100,D,2,D,0.0994,D,,A,,A,01,D,0,D
20243,05581553,37,0,5,01,D,100,D,1,D,0.0994,D,497,D,-29,D,01,D,20000,D
20243,05582423,16,0,5,01,D,100,D,1,D,0.0994,D,1292,F,193,F,01,D,52000,F
20243,05582493,39,0,5,01,D,100,D,1,D,0.0994,D,4895,D,-2495,D,01,D,197000,D
20243,05584713,16,0,5,01,D,100,D,1,D,0.0994,D,1019,F,81,F,01,D,41000,F
20243,05584723,21,0,5,01,D,100,D,1,D,0.0994,D,472,D,1028,D,01,D,19000,D
20243,05585063,26,0,5,01,D,100,D,1,D,0.0994,D,1019,D,481,D,01,D,41000,D
20243,05587193,12,0,1,01,D,100,D,1,D,0.0994,D,2982,F,4518,F,01,D,120000,F
20243,05587223,17,0,5,01,D,100,D,2,D,0.0994,D,,A,,A,01,D,0,D
20243,05587453,48,0,5,01,D,100,D,2,D,0.0994,D,,A,,A,01,D,0,D
20243,05588183,32,0,5,01,D,100,D,1,D,0.0994,D,3976,D,-1681,D,01,D,160000,D
20243,05589153,30,0,5,01,D,100,D,1,D,0.0994,D,4171,D,131,D,01,D,167842,D
20243,05589563,35,0,5,01,D,100,D,1,D,0.0994,D,2336,D,964,D,01,D,94000,D
20243,05589583,27,0,5,01,D,100,D,1,D,0.0994,D,522,D,78,D,01,D,21000,D
20243,05589953,41,0,5,01,D,100,D,1,D,0.0994,D,373,D,9627,D,01,D,15000,D
20243,05591543,36,0,5,01,D,100,D,1,D,0.0994,D,298,D,335,D,01,D,12000,D
20243,05592943,30,0,5,01,D,100,D,1,D,0.0994,D,2187,D,2313,D,01,D,88000,D
20243,05593493,32,0,5,01,D,100,D,1,D,0.0994,D,3877,D,623,D,01,D,156000,D
20243,05593653,37,0,5,01,D,100,D,1,D,0.0994,D,335,F,1825,F,01,D,13500,F
20243,05594353,32,0,5,01,D,100,D,2,D,0.0994,D,,A,,A,01,D,0,D
20243,05597213,45,0,5,01,D,100,D,1,D,0.0994,D,309,D,999,D,01,D,12433,D
20243,05597553,22,0,5,01,D,100,D,2,D,0.0994,D,,A,,A,01,D,0,D
20243,05598123,21,0,5,01,D,100,D,2,D,0.0994,D,,A,,A,01,D,62000,D
20243,05598253,24,0,5,01,D,100,D,1,D,0.0994,D,3703,D,-403,D,01,D,149000,D
20243,05599233,31,0,5,01,D,100,D,1,D,0.0994,D,549,D,751,D,01,D,22102,D
20243,05600303,20,0,5,01,D,100,D,1,D,0.0994,D,47,D,553,D,01,D,1900,D
20243,05601393,50,0,5,01,D,100,D,1,D,0.0994,D,1019,D,81,D,01,D,41000,D
20243,05601553,46,0,5,01,D,100,D,2,D,0.0994,D,,A,,A,01,D,0,D
20243,05604903,22,0,5,01,D,100,D,1,D,0.0994,D,10313,D,4687,D,01,D,359893,T
20243,05605863,27,0,5,01,D,100,D,2,D,0.0994,D,,A,,A,01,D,0,D
20243,05606283,32,0,5,01,D,100,D,2,D,0.0994,D,,A,,A,01,D,0,D
20243,05607283,29,0,5,01,D,100,D,1,D,0.0994,D,944,D,1456,D,01,D,38000,D
20243,05607393,24,0,5,01,D,100,D,1,D,0.0994,D,522,D,8478,D,01,D,21000,D
20243,05654672,40,0,5,01,D,100,D,1,D,0.0994,D,512,D,75910,T,01,D,20600,D
20243,05654772,21,0,5,01,D,100,D,1,D,0.0994,D,6958,F,2042,F,01,D,359893,V
20243,05655992,18,0,5,01,D,100,D,1,D,0.0994,D,1292,D,-92,D,01,D,52000,D
20243,05656632,11,0,1,01,D,100,D,1,D,0.0994,D,944,F,1456,F,01,D,38000,F
20243,05656962,30,0,5,01,D,100,D,2,D,0.0994,D,,A,,A,01,D,0,D
20243,05657582,26,0,5,01,D,100,D,1,D,0.0994,D,1069,D,431,D,01,D,43000,D
20243,05657812,20,0,5,01,D,100,D,2,D,0.0994,D,,A,,A,01,D,0,D
20243,05658642,15,0,1,01,D,100,D,1,D,0.0994,D,174,F,357,F,01,D,7000,F
20243,05659952,19,0,5,01,D,100,D,1,D,0.0994,D,1541,D,979,D,01,D,62000,D
20243,05660352,22,0,5,01,D,100,D,1,D,0.0994,D,422,D,478,D,01,D,17000,D
20243,05661022,26,0,5,01,D,100,D,1,D,0.0994,D,1148,D,119,D,01,D,46200,D
20243,05662772,29,0,1,02,D,200,D,1,D,0.0994,D,3479,D,75910,T,01,D,140000,D
20243,05662772,30,0,1,03,D,300,D,1,D,0.0994,D,3231,D,,T,01,D,,T
20243,05664902,30,0,5,01,D,100,D,2,D,0.0994,D,,A,,A,01,D,0,D
20243,05665232,31,0,5,01,D,100,D,2,D,0.0994,D,,A,,A,01,D,0,D
20243,05665242,16,0,1,01,D,100,D,1,D,0.0994,D,50,D,550,D,01,D,2000,D
20243,05665542,18,0,1,01,D,100,D,1,D,0.0994,D,1292,F,-92,F,01,D,52000,F
20243,05667684,18,0,1,01,D,100,D,1,D,0.0994,D,70,D,2730,D,01,D,2800,D
20243,05668252,43,0,1,01,D,100,D,1,D,0.0994,D,3479,D,4021,D,01,D,140000,D
20243,05668412,28,0,5,01,D,100,D,2,D,0.0994,D,,A,,A,01,D,0,D
20243,05668852,24,0,5,01,D,100,D,1,D,0.0994,D,1118,D,682,D,01,D,45000,D
20243,05668892,50,0,5,01,D,100,D,1,D,0.0994,D,9,D,266,D,01,D,346,D
20243,05669782,24,0,5,01,D,100,D,1,D,0.0994,D,174,D,357,D,01,D,7000,D
20243,05669912,28,0,5,01,D,100,D,1,D,0.0994,D,224,D,151,D,01,D,9000,D
20243,05671252,26,0,1,01,D,100,D,1,D,0.0994,D,3007,D,-7,D,01,D,121000,D
20243,05671562,33,0,1,01,D,100,D,1,D,0.0994,D,149,D,601,D,01,D,6000,D
20243,05674422,19,0,5,01,D,100,D,1,D,0.0994,D,596,D,604,D,01,D,24000,D
20243,05675962,41,0,5,01,D,100,D,1,D,0.0994,D,0,D,0,D,01,D,0,D
20243,05675992,46,0,5,01,D,100,D,1,D,0.0994,D,249,D,2551,D,01,D,10000,D
20243,05676982,27,0,5,01,D,100,D,1,D,0.0994,D,447,D,1653,D,01,D,18000,D
20243,05678332,73,0,5,01,D,100,D,2,D,0.0994,D,,A,,A,01,D,41125,D
20243,05679142,31,0,5,01,D,100,D,1,D,0.0994,D,2162,D,313,D,01,D,87000,D
20243,05680012,22,0,5,01,D,100,D,1,D,0.0994,D,944,D,556,D,01,D,38000,D
20243,05680692,22,0,5,01,D,100,D,1,D,0.0994,D,1019,D,931,D,01,D,41000,D
20243,05681352,38,0,5,01,D,100,D,1,D,0.0994,D,1466,D,-1366,D,01,D,59000,D
20243,05681712,38,0,5,01,D,100,D,1,D,0.0994,D,4225,D,-333,D,01,D,170000,D
20243,05683172,43,0,5,01,D,100,D,2,D,0.0994,D,,A,,A,01,D,0,D
20243,05683782,39,0,5,01,D,100,D,2,D,0.0994,D,,A,,A,01,D,0,D
20243,05686012,29,0,5,01,D,100,D,1,D,0.0994,D,1615,D,-120,D,01,D,65000,D
20243,05687912,18,0,5,01,D,100,D,1,D,0.0994,D,298,D,620,D,01,D,12000,D
20243,05795511,14,0,1,01,D,100,D,1,D,0.0994,D,696,D,1044,D,01,D,28000,D
20243,05795641,25,0,1,01,D,100,D,2,D,0.0994,D,,A,,A,01,D,0,D
20243,05796101,33,0,1,01,D,100,D,1,D,0.0994,D,6958,D,-1258,D,01,D,359893,T
20243,05796121,31,0,1,01,D,100,D,2,D,0.0994,D,,A,,A,01,D,0,D
20243,05797481,24,0,1,01,D,100,D,2,D,0.0994,D,,A,,A,01,D,0,D
20243,05798191,14,0,1,01,D,100,D,1,D,0.0994,D,5,D,195,D,01,D,200,D
20243,05798301,49,0,1,01,D,100,D,1,D,0.0994,D,686,D,-158,D,01,D,27624,D
20243,05798381,20,0,1,01,D,100,D,2,D,0.0994,D,,A,,A,01,D,0,D
20243,05798761,33,0,1,01,D,100,D,1,D,0.0994,D,1889,D,-5,D,01,D,76000,D
20243,05798901,25,0,1,01,D,100,D,1,D,0.0994,D,994,D,-382,D,01,D,40000,D
20243,05801511,17,0,1,02,D,200,D,1,D,0.0994,D,2,D,77,D,01,D,79,D
20243,05803861,25,0,1,01,D,100,D,1,D,0.0994,D,1243,D,-43,D,01,D,50000,D
20243,05804731,19,0,1,01,D,100,D,2,D,0.0994,D,,A,,A,01,D,20000,D
20243,05804991,16,0,1,01,D,100,D,1,D,0.0994,D,0,D,0,D,01,D,0,D
20243,05806821,21,0,1,01,D,100,D,1,D,0.0994,D,1508,D,75910,T,01,D,60679,D
20243,05806841,25,0,1,01,D,100,D,1,D,0.0994,D,335,D,1825,D,01,D,13500,D
20243,05807701,26,0,1,01,D,100,D,1,D,0.0994,D,746,D,6154,D,01,D,30000,D
20243,05809381,25,0,1,01,D,100,D,1,D,0.0994,D,870,D,822,D,01,D,35000,D
20243,05811621,21,0,1,01,D,100,D,1,D,0.0994,D,62,D,538,D,01,D,2500,D
20243,05812791,23,0,1,01,D,100,D,1,D,0.0994,D,0,F,0,F,01,D,0,F
20243,05812871,23,0,1,01,D,100,D,1,D,0.0994,D,1416,D,-231,D,01,D,57000,D
20243,05813261,13,0,1,01,D,100,D,1,D,0.0994,D,746,D,4254,D,01,D,30000,D
20243,05814281,25,0,1,01,D,100,D,1,D,0.0994,D,522,D,1578,D,01,D,21000,D
20243,05814311,27,0,1,01,D,100,D,1,D,0.0994,D,10313,F,4687,F,01,D,359893,V
20243,05816991,16,0,1,01,D,100,D,2,D,0.0994,D,,A,,A,01,D,0,D
20243,05817751,21,0,1,01,D,100,D,2,D,0.0994,D,,A,,A,01,D,50000,D
20243,05818321,15,0,1,01,D,100,D,2,D,0.0994,D,,A,,A,01,D,23120,D
20243,05823431,12,0,1,01,D,100,D,1,D,0.0994,D,2982,D,4518,D,01,D,120000,D
20243,05824051,11,0,1,01,D,100,D,1,D,0.0994,D,1740,D,660,D,01,D,70000,D
20243,05824611,25,0,1,01,D,100,D,1,D,0.0994,D,2734,D,-184,D,01,D,110000,D
20243,05824801,29,0,1,01,D,100,D,2,D,0.0994,D,,A,,A,01,D,0,D
20243,05825931,19,0,1,01,D,100,D,2,D,0.0994,D,572,F,28,F,01,D,23000,F
20243,05826201,23,0,1,01,D,100,D,1,D,0.0994,D,969,D,-144,D,01,D,39000,D
20243,05826401,12,0,1,01,D,100,D,1,D,0.0994,D,1740,D,-390,D,01,D,70000,D
20243,05826961,22,0,1,01,D,100,D,1,D,0.0994,D,174,F,72,F,01,D,7000,F
20243,05827831,22,0,1,01,D,100,D,1,D,0.0994,D,444,D,456,D,01,D,17868,D
20243,05828191,21,0,1,01,D,100,D,1,D,0.0994,D,4225,D,-1228,D,01,D,170000,D
20243,05828721,23,0,1,01,D,100,D,1,D,0.0994,D,174,D,72,D,01,D,7000,D
20243,05829381,25,0,1,01,D,100,D,,C,0.0994,D,1317,F,-285,F,01,D,53000,F
20244,05573834,22,0,5,01,D,100,D,1,D,0.0932,D,1584,D,-249,D,01,D,68000,D
20244,05575814,25,0,5,01,D,100,D,2,D,0.0932,D,,A,,A,01,D,0,D
20244,05576394,20,0,5,01,D,100,D,1,D,0.0932,D,489,D,261,D,01,D,21000,D
20244,05576414,29,0,5,01,D,100,D,2,D,0.0932,D,,A,,A,01,D,31869,D
20244,05576414,30,0,5,01,D,100,D,1,D,0.0932,D,742,D,-195,D,02,D,31864,D
20244,05577724,23,0,5,01,D,100,D,1,D,0.0932,D,1049,D,-749,D,01,D,45000,D
20244,05578084,25,0,5,01,D,100,D,2,D,0.0932,D,,A,,A,01,D,0,D
20244,05578184,46,0,5,01,D,100,D,1,D,0.0932,D,5545,D,455,D,01,D,359893,T
20244,05578984,20,0,5,01,D,100,D,1,D,0.0932,D,1710,F,-556,F,01,D,73381,F
20244,05580594,24,0,5,01,D,100,D,2,D,0.0932,D,,A,,A,01,D,0,D
20244,05581554,37,0,5,01,D,100,D,1,D,0.0932,D,466,D,134,D,01,D,20000,D
20244,05582424,16,0,5,01,D,100,D,1,D,0.0932,D,0,F,0,F,01,D,0,F
20244,05582494,39,0,5,01,D,100,D,1,D,0.0932,D,4520,D,-2120,D,01,D,194000,D
20244,05584714,16,0,5,01,D,100,D,1,D,0.0932,D,1631,F,619,F,01,D,70000,F
20244,05584724,20,0,5,01,D,100,D,1,D,0.0932,D,444,D,456,D,01,D,19067,D
20244,05585064,31,0,5,01,D,100,D,1,D,0.0932,D,466,F,1034,F,01,D,20000,F
20244,05587194,14,0,5,01,D,100,D,1,D,0.0932,D,100,D,4200,D,01,D,4300,D
20244,05587454,38,0,5,01,D,100,D,1,D,0.0932,D,0,D,0,D,01,D,0,D
20244,05588184,25,0,5,01,D,100,D,1,D,0.0932,D,3728,D,-1433,D,01,D,160000,D
20244,05588574,26,0,5,01,D,100,D,1,D,0.0932,D,3495,D,480,D,01,D,150000,D
20244,05589154,36,0,5,01,D,100,D,1,D,0.0932,D,3911,D,-210,D,01,D,167842,D
20244,05589564,33,0,5,01,D,100,D,1,D,0.0932,D,2220,D,1980,D,01,D,95300,D
20244,05589584,28,0,5,01,D,100,D,1,D,0.0932,D,466,D,134,D,01,D,20000,D
20244,05589954,44,0,5,01,D,100,D,2,D,0.0932,D,,A,,A,01,D,0,D
20244,05590734,35,0,5,01,D,100,D,2,D,0.0932,D,,A,,A,01,D,6772,D
20244,05591544,35,0,5,01,D,100,D,1,D,0.0932,D,792,D,-192,D,01,D,34000,D
20244,05592944,24,0,5,01,D,100,D,1,D,0.0932,D,2051,D,1849,D,01,D,88019,D
20244,05593494,32,0,5,01,D,100,D,1,D,0.0932,D,3658,D,842,D,01,D,157000,D
20244,05593654,41,0,5,01,D,100,D,1,D,0.0932,D,1631,D,169,D,01,D,70000,D
20244,05594354,29,0,5,01,D,100,D,1,D,0.0932,D,1631,F,169,F,01,D,70000,F
20244,05597214,54,0,5,01,D,100,D,1,D,0.0932,D,262,D,1046,D,01,D,11253,D
20244,05597684,57,0,5,01,D,100,D,2,D,0.0932,D,,A,,A,01,D,359893,T
20244,05598124,21,0,5,01,D,100,D,2,D,0.0932,D,,A,,A,01,D,0,D
20244,05598254,23,0,5,01,D,100,D,1,D,0.0932,D,3448,D,152,D,01,D,148000,D
20244,05599234,35,0,5,01,D,100,D,1,D,0.0932,D,524,D,826,D,01,D,22486,D
20244,05600094,30,0,5,01,D,100,D,2,D,0.0932,D,,A,,A,01,D,0,D
20244,05600304,26,0,5,01,D,100,D,1,D,0.0932,D,419,D,481,D,01,D,18000,D
20244,05601394,43,0,5,01,D,100,D,1,D,0.0932,D,1400,D,1600,D,01,D,60100,D
20244,05601554,42,0,5,01,D,100,D,2,D,0.0932,D,,A,,A,01,D,0,D
20244,05604904,21,0,5,01,D,100,D,2,D,0.0932,D,,A,,A,01,D,359893,T
20244,05605864,25,0,5,01,D,100,D,2,D,0.0932,D,,A,,A,01,D,0,D
20244,05606284,34,0,5,01,D,100,D,2,D,0.0932,D,,A,,A,01,D,0,D
20244,05607284,31,0,5,01,D,100,D,2,D,0.0932,D,1608,F,492,F,01,D,69000,F
20244,05607394,24,0,5,01,D,100,D,1,D,0.0932,D,443,D,3557,D,01,D,19000,D
20244,05654673,41,0,5,01,D,100,D,2,D,0.0932,D,,A,,A,01,D,0,D
20244,05654743,26,0,5,01,D,100,D,1,D,0.0932,D,140,D,2260,D,01,D,6000,D
20244,05654773,20,0,5,01,D,100,D,1,D,0.0932,D,583,D,2117,D,01,D,25000,D
20244,05656373,18,0,5,01,D,100,D,2,D,0.0932,D,,A,,A,01,D,0,D
20244,05656633,19,0,5,01,D,100,D,1,D,0.0932,D,489,D,354,D,01,D,21000,D
20244,05656963,25,0,5,01,D,100,D,2,D,0.0932,D,,A,,A,01,D,0,D
20244,05657583,29,0,5,01,D,100,D,1,D,0.0932,D,1144,D,356,D,01,D,49100,D
20244,05657813,25,0,5,01,D,100,D,1,D,0.0932,D,186,D,660,D,01,D,8000,D
20244,05658643,21,0,5,01,D,100,D,1,D,0.0932,D,909,F,-609,F,01,D,39000,F
20244,05660353,20,0,5,01,D,100,D,1,D,0.0932,D,42,D,858,D,01,D,1790,D
20244,05661023,30,0,5,01,D,100,D,1,D,0.0932,D,1082,D,204,D,01,D,46440,D
20244,05661833,29,0,5,01,D,100,D,2,D,0.0932,D,,A,,A,01,D,0,D
20244,05665233,35,0,5,01,D,100,D,2,D,0.0932,D,,A,,A,01,D,0,D
20244,05665243,19,0,5,01,D,100,D,1,D,0.0932,D,816,F,699,F,01,D,35000,F
20244,05666323,21,0,1,01,D,100,D,1,D,0.0932,D,2633,D,-113,D,01,D,113000,D
20244,05668253,34,0,5,01,D,100,D,1,D,0.0932,D,3262,D,938,D,01,D,140000,D
20244,05668483,34,0,5,01,D,100,D,1,D,0.0932,D,414,D,2069,D,01,D,17749,D
20244,05668683,29,0,5,01,D,100,D,2,D,0.0932,D,,A,,A,01,D,0,D
20244,05668853,26,0,5,01,D,100,D,1,D,0.0932,D,1049,D,751,D,01,D,45000,D
20244,05668893,43,0,5,01,D,100,D,1,D,0.0932,D,77,D,2923,D,01,D,3326,D
20244,05669633,11,0,5,01,D,100,D,1,D,0.0932,D,2330,D,3670,D,01,D,100000,D
20244,05669783,21,0,5,01,D,100,D,1,D,0.0932,D,1328,F,412,F,01,D,57000,F
20244,05669913,19,0,5,01,D,100,D,1,D,0.0932,D,210,D,165,D,01,D,9000,D
20244,05670923,25,0,5,01,D,100,D,2,D,0.0932,D,,A,,A,01,D,0,D
20244,05671563,20,0,5,01,D,100,D,1,D,0.0932,D,130,D,620,D,01,D,5600,D
20244,05675993,32,0,5,01,D,100,D,1,D,0.0932,D,330,D,5370,D,01,D,14155,D
20244,05676983,23,0,5,01,D,100,D,1,D,0.0932,D,326,D,1174,D,01,D,14000,D
20244,05679143,32,0,5,01,D,100,D,2,D,0.0932,D,,A,,A,01,D,82000,D
20244,05680013,26,0,5,01,D,100,D,1,D,0.0932,D,186,D,1014,D,01,D,8000,D
20244,05680693,22,0,5,01,D,100,D,1,D,0.0932,D,155,D,1795,D,01,D,6650,D
20244,05681353,32,0,5,01,D,100,D,1,D,0.0932,D,1375,D,-25,D,01,D,59000,D
20244,05681713,46,0,5,01,D,100,D,1,D,0.0932,D,25,D,1050,D,01,D,1075,D
20244,05683173,36,0,5,01,D,100,D,2,D,0.0932,D,,A,,A,01,D,0,D
20244,05683783,41,0,5,01,D,100,D,1,D,0.0932,D,641,D,454,D,01,D,27509,D
20244,05686013,26,0,5,01,D,100,D,1,D,0.0932,D,1654,D,226,D,01,D,71000,D
20244,05687523,27,0,5,01,D,200,D,1,D,0.0932,D,909,D,-609,D,01,D,39000,D
20244,05687913,22,0,5,01,D,100,D,1,D,0.0932,D,264,D,639,D,01,D,11348,D
20244,05795512,21,0,5,01,D,100,D,2,D,0.0932,D,1375,F,-25,F,01,D,59000,F
20244,05795642,37,0,5,01,D,100,D,1,D,0.0932,D,373,D,10127,D,01,D,16000,D
20244,05796102,34,0,5,01,D,100,D,1,D,0.0932,D,1400,F,1600,F,01,D,60100,F
20244,05796122,34,0,5,01,D,100,D,2,D,0.0932,D,,A,,A,02,D,20000,D
20244,05796122,35,0,5,01,D,100,D,1,D,0.0932,D,0,D,0,D,01,D,0,D
20244,05798302,53,0,5,01,D,100,D,1,D,0.0932,D,721,D,-78,D,01,D,30929,D
20244,05798762,40,0,5,01,D,100,D,1,D,0.0932,D,1049,F,751,F,01,D,45000,F
20244,05801732,27,0,5,01,D,100,D,2,D,0.0932,D,,A,,A,01,D,0,D
20244,05803862,33,0,5,01,D,100,D,1,D,0.0932,D,1398,D,-78,D,01,D,60000,D
20244,05804732,25,0,5,01,D,100,D,2,D,0.0932,D,93,F,231,F,01,D,4000,F
20244,05804992,24,0,5,01,D,100,D,1,D,0.0932,D,466,D,1034,D,01,D,20000,D
20244,05806842,28,0,5,01,D,100,D,1,D,0.0932,D,294,D,891,D,01,D,12600,D
20244,05807702,34,0,5,01,D,100,D,2,D,0.0932,D,,A,,A,01,D,28000,D
20244,05809382,36,0,5,01,D,100,D,1,D,0.0932,D,816,D,861,D,01,D,35000,D
20244,05809632,15,0,1,01,D,100,D,1,D,0.0932,D,722,F,3028,F,01,D,31000,F
20244,05812872,17,0,5,01,D,100,D,1,D,0.0932,D,1328,D,412,D,01,D,57000,D
20244,05813262,26,0,5,01,D,100,D,1,D,0.0932,D,1515,D,1485,D,01,D,65000,D
20244,05814282,26,0,5,01,D,100,D,1,D,0.0932,D,513,D,312,D,01,D,22000,D
20244,05815092,11,0,1,01,D,100,D,2,D,0.0932,D,,A,,A,01,D,0,D
20244,05817752,42,0,5,01,D,100,D,1,D,0.0932,D,583,D,842,D,01,D,25000,D
20244,05818322,26,0,5,01,D,100,D,2,D,0.0932,D,,A,,A,01,D,0,D
20244,05819942,20,0,1,01,D,100,D,1,D,0.0932,D,489,F,261,F,01,D,21000,F
20244,05820252,17,0,1,01,D,100,D,1,D,0.0932,D,350,D,14650,D,01,D,15000,D
20244,05822592,19,0,1,01,D,100,D,1,D,0.0932,D,1060,D,12940,D,01,D,45507,D
20244,05823432,18,0,5,01,D,100,D,1,D,0.0932,D,2843,D,4657,D,01,D,122000,D
20244,05823982,10,0,1,01,D,100,D,2,D,0.0932,D,,A,,A,01,D,0,D
20244,05824612,33,0,5,01,D,100,D,1,D,0.0932,D,2726,D,-211,D,01,D,117000,D
20244,05826202,29,0,5,01,D,100,D,1,D,0.0932,D,885,D,15,D,01,D,38000,D
20244,05826402,25,0,5,01,D,100,D,1,D,0.0932,D,1631,D,-131,D,01,D,70000,D
20244,05826962,24,0,5,01,D,100,D,1,D,0.0932,D,25,F,1050,F,01,D,1075,F
20244,05827832,35,0,5,01,D,100,D,1,D,0.0932,D,2281,D,-1781,D,01,D,97900,D
20244,05828192,22,0,5,01,D,100,D,2,D,0.0932,D,2328,F,347,F,01,D,99905,F
20244,05829182,18,0,1,01,D,100,D,1,D,0.0932,D,2796,D,2254,D,01,D,120000,D
20244,05829632,17,0,1,01,D,100,D,1,D,0.0932,D,722,D,3028,D,01,D,31000,D
20244,05830991,47,0,1,01,D,100,D,1,D,0.0932,D,350,F,14650,F,01,D,15000,F
20244,05831401,14,0,1,01,D,100,D,1,D,0.0932,D,210,D,330,D,01,D,9000,D
20244,05831991,24,0,1,01,D,100,D,1,D,0.0932,D,979,D,1436,D,01,D,42000,D
20244,05832531,21,0,1,01,D,100,D,1,D,0.0932,D,573,D,102,D,01,D,24600,D
20244,05833971,26,0,1,01,D,100,D,1,D,0.0932,D,885,F,15,F,01,D,38000,F
20244,05835181,27,0,1,01,D,100,D,2,D,0.0932,D,,A,,A,01,D,0,D
20244,05835791,11,0,1,01,D,100,D,1,D,0.0932,D,373,F,10127,F,01,D,16000,F
20244,05836261,17,0,1,01,D,100,D,2,D,0.0932,D,,A,,A,01,D,0,D
20244,05838061,35,0,1,01,D,100,D,1,D,0.0932,D,1852,D,98,D,01,D,79500,D
20244,05838491,16,0,1,01,D,100,D,1,D,0.0932,D,918,D,-49,D,01,D,39390,D
20244,05838591,25,0,1,01,D,100,D,1,D,0.0932,D,3747,D,-1503,D,01,D,160815,D
20244,05839521,27,0,1,01,D,100,D,2,D,0.0932,D,,A,,A,01,D,359893,T
20244,05841481,18,0,1,01,D,100,D,1,D,0.0932,D,1398,D,-858,D,01,D,60000,D
20244,05842821,21,0,1,01,D,100,D,1,D,0.0932,D,234,D,666,D,01,D,10060,D
20244,05843281,18,0,1,01,D,100,D,1,D,0.0932,D,2214,F,786,F,01,D,95000,F
20244,05846731,27,0,1,01,D,100,D,1,D,0.0932,D,280,D,14720,D,01,D,12000,D
20244,05846881,20,0,1,01,D,100,D,1,D,0.0932,D,175,D,1325,D,01,D,7500,D
20244,05848151,33,0,1,01,D,100,D,1,D,0.0932,D,3495,D,75910,T,01,D,150000,D
20244,05848261,48,0,1,01,D,100,D,1,D,0.0932,D,3495,F,480,F,01,D,150000,F
20244,05848841,29,0,1,01,D,100,D,1,D,0.0932,D,0,D,0,D,01,D,0,D
20244,05849021,20,0,1,01,D,100,D,2,D,0.0932,D,,A,,A,01,D,0,D
20244,05849521,28,0,1,01,D,100,D,1,D,0.0932,D,652,D,173,D,01,D,28000,D
20244,05851021,15,0,1,01,D,100,D,1,D,0.0932,D,338,D,2662,D,01,D,14500,D
20244,05851521,30,0,1,01,D,100,D,1,D,0.0932,D,3518,D,-563,D,01,D,151000,D
20244,05851921,19,0,1,01,D,100,D,2,D,0.0932,D,,A,,A,01,D,0,D
20244,05852411,15,0,1,01,D,100,D,1,D,0.0932,D,2328,D,347,D,01,D,99905,D
20244,05852541,18,0,1,01,D,100,D,1,D,0.0932,D,1631,D,619,D,01,D,70000,D
20244,05852621,19,0,1,01,D,100,D,1,D,0.0932,D,117,D,243,D,01,D,5000,D
20244,05853151,31,0,1,01,D,100,D,1,D,0.0932,D,545,D,655,D,01,D,23376,D
20244,05854041,15,0,1,01,D,100,D,1,D,0.0932,D,2214,D,786,D,01,D,95000,D
20244,05854051,12,0,1,01,D,100,D,1,D,0.0932,D,1398,D,1002,D,01,D,60000,D
20244,05854581,23,0,1,01,D,100,D,2,D,0.0932,D,,A,,A,01,D,150000,D
20244,05854941,42,0,1,01,D,100,D,1,D,0.0932,D,645,D,109,D,01,D,27700,D
20244,05855301,23,0,1,01,D,100,D,1,D,0.0932,D,32,D,1324,D,01,D,1356,D
20244,05855461,26,0,1,01,D,100,D,1,D,0.0932,D,0,F,0,F,01,D,0,F
20244,05855761,17,0,1,01,D,100,D,1,D,0.0932,D,734,D,436,D,01,D,31500,D
20244,05856521,27,0,1,01,D,100,D,1,D,0.0932,D,2563,D,1337,D,01,D,110000,D
20244,05858651,35,0,1,01,D,100,D,1,D,0.0932,D,1710,D,-556,D,01,D,73381,D
20244,05858781,24,0,1,01,D,100,D,1,D,0.0932,D,1049,D,1951,D,01,D,45000,D
20244,05859181,20,0,1,01,D,100,D,2,D,0.0932,D,,A,,A,01,D,150000,D
20244,05860621,30,0,1,01,D,100,D,1,D,0.0932,D,389,D,-239,D,01,D,16698,D
20244,05861101,12,0,1,01,D,100,D,1,D,0.0932,D,93,D,231,D,01,D,4000,D
20244,05861801,77,0,1,01,D,100,D,1,D,0.0932,D,1608,D,492,D,01,D,69000,D
20244,05862101,21,0,1,01,D,100,D,1,D,0.0932,D,431,D,769,D,01,D,18500,D
20244,05862561,26,0,1,01,D,100,D,1,D,0.0932,D,932,D,568,D,01,D,40000,D
20244,05863771,28,0,1,01,D,100,D,1,D,0.0932,D,606,D,94,D,01,D,26000,D
20244,05864871,25,0,1,01,D,100,D,1,D,0.0932,D,816,D,699,D,01,D,35000,D
20244,05865371,19,0,1,01,D,100,D,1,D,0.0932,D,1002,D,-36,D,01,D,43000,D
20251,05654674,35,0,5,01,D,100,D,2,D,0.0900,D,,A,,A,01,D,0,D
20251,05654774,22,0,5,01,D,100,D,1,D,0.0900,D,450,D,1050,D,01,D,20000,D
20251,05656374,19,0,5,01,D,100,D,2,D,0.0900,D,,A,,A,01,D,0,D
20251,05656634,20,0,5,01,D,100,D,1,D,0.0900,D,450,D,450,D,01,D,20000,D
20251,05656964,26,0,5,01,D,100,D,2,D,0.0900,D,,A,,A,01,D,359893,T
20251,05657584,29,0,5,01,D,100,D,2,D,0.0900,D,,A,,A,01,D,359893,T
20251,05657814,30,0,5,01,D,100,D,2,D,0.0900,D,,A,,A,01,D,0,D
20251,05658644,24,0,5,01,D,100,D,1,D,0.0900,D,1013,F,-697,F,01,D,45000,F
20251,05659954,25,0,5,01,D,100,D,1,D,0.0900,D,1493,D,1027,D,01,D,66350,D
20251,05660354,15,0,5,01,D,100,D,1,D,0.0900,D,419,D,481,D,01,D,18639,D
20251,05661024,30,0,5,01,D,100,D,1,D,0.0900,D,918,D,223,D,01,D,40800,D
20251,05661834,42,0,5,01,D,100,D,2,D,0.0900,D,,A,,A,01,D,0,D
20251,05665234,34,0,5,01,D,100,D,1,D,0.0900,D,101,D,699,D,01,D,4500,D
20251,05665244,21,0,5,01,D,100,D,1,D,0.0900,D,563,D,2437,D,01,D,25000,D
20251,05666324,17,0,5,01,D,100,D,1,D,0.0900,D,608,D,262,D,01,D,27000,D
20251,05668254,30,0,5,01,D,100,D,1,D,0.0900,D,3150,D,450,D,01,D,140000,D
20251,05668484,38,0,5,01,D,100,D,1,D,0.0900,D,326,D,5298,D,01,D,14511,D
20251,05668684,27,0,5,01,D,100,D,2,D,0.0900,D,,A,,A,01,D,0,D
20251,05668854,22,0,5,01,D,100,D,1,D,0.0900,D,1013,D,787,D,01,D,45000,D
20251,05668894,43,0,5,01,D,100,D,1,D,0.0900,D,29,D,196,D,01,D,1292,D
20251,05669784,26,0,5,01,D,100,D,1,D,0.0900,D,2646,F,1166,F,01,D,117591,F
20251,05669914,28,0,5,01,D,100,D,1,D,0.0900,D,203,D,172,D,01,D,9000,D
20251,05670924,28,0,5,01,D,100,D,2,D,0.0900,D,,A,,A,01,D,30000,D
20251,05671564,24,0,5,01,D,100,D,1,D,0.0900,D,16,D,734,D,01,D,700,D
20251,05674424,20,0,5,01,D,100,D,1,D,0.0900,D,540,D,660,D,01,D,24000,D
20251,05674464,29,0,5,01,D,100,D,1,D,0.0900,D,3060,D,-1401,D,01,D,136000,D
20251,05675964,40,0,5,01,D,100,D,2,D,0.0900,D,,A,,A,01,D,55243,D
20251,05675994,39,0,5,01,D,100,D,1,D,0.0900,D,425,D,1875,D,01,D,18877,D
20251,05676984,24,0,5,01,D,100,D,1,D,0.0900,D,450,D,1350,D,01,D,20000,D
20251,05679144,35,0,5,01,D,100,D,1,D,0.0900,D,1800,D,825,D,01,D,80000,D
20251,05680694,22,0,5,01,D,100,D,1,D,0.0900,D,1103,D,847,D,01,D,49000,D
20251,05681354,27,0,5,01,D,100,D,1,D,0.0900,D,1305,D,-105,D,01,D,58000,D
20251,05681714,45,0,5,01,D,100,D,1,D,0.0900,D,3690,D,-90,D,01,D,164000,D
20251,05683784,46,0,5,01,D,100,D,1,D,0.0900,D,63,D,1952,D,01,D,2794,D
20251,05686014,32,0,5,01,D,100,D,1,D,0.0900,D,1665,D,-165,D,01,D,74000,D
20251,05686514,68,0,5,01,D,100,D,1,D,0.0900,D,2768,D,232,D,01,D,123000,D
20251,05687524,27,0,5,01,D,200,D,1,D,0.0900,D,855,D,105,D,01,D,38000,D
20251,05687914,25,0,5,01,D,100,D,1,D,0.0900,D,198,F,4102,F,01,D,8790,F
20251,05795643,36,0,5,01,D,100,D,1,D,0.0900,D,270,D,3230,D,01,D,12000,D
20251,05796123,41,0,5,01,D,100,D,2,D,0.0900,D,,A,,A,01,D,0,D
20251,05796123,42,0,5,01,D,100,D,1,D,0.0900,D,432,D,75910,T,02,D,19200,D
20251,05798193,24,0,5,01,D,100,D,1,D,0.0900,D,293,D,307,D,01,D,13000,D
20251,05798303,45,0,5,01,D,100,D,1,D,0.0900,D,701,D,42,D,01,D,31134,D
20251,05798763,35,0,5,01,D,100,D,1,D,0.0900,D,1688,D,202,D,01,D,75000,D
20251,05801513,30,0,5,02,D,200,D,2,D,0.0900,D,,A,,A,01,D,0,D
20251,05801733,41,0,5,01,D,100,D,2,D,0.0900,D,,A,,A,01,D,0,D
20251,05803863,34,0,5,01,D,100,D,1,D,0.0900,D,1395,D,-45,D,01,D,62000,D
20251,05804993,16,0,5,01,D,100,D,1,D,0.0900,D,23,D,977,D,01,D,1000,D
20251,05806593,31,0,1,01,D,100,D,1,D,0.0900,D,2250,F,450,F,01,D,100000,F
20251,05806843,27,0,5,01,D,100,D,1,D,0.0900,D,200,D,3100,D,01,D,8900,D
20251,05807703,29,0,5,01,D,100,D,1,D,0.0900,D,495,D,75910,T,01,D,22000,D
20251,05809383,31,0,5,01,D,100,D,1,D,0.0900,D,1755,D,1842,D,01,D,78000,D
20251,05809503,23,0,5,01,D,100,D,2,D,0.0900,D,,A,,A,01,D,0,D
20251,05811623,21,0,5,01,D,100,D,,C,0.0900,D,65,F,835,F,01,D,2900,F
20251,05812873,13,0,5,01,D,100,D,1,D,0.0900,D,675,F,375,F,01,D,30000,F
20251,05813263,22,0,5,01,D,100,D,1,D,0.0900,D,0,D,0,D,01,D,0,D
20251,05814283,32,0,5,01,D,100,D,1,D,0.0900,D,450,D,150,D,01,D,20000,D
20251,05817753,40,0,5,01,D,100,D,2,D,0.0900,D,3600,F,3300,F,01,D,160000,F
20251,05818323,28,0,5,01,D,100,D,2,D,0.0900,D,,A,,A,01,D,0,D
20251,05819213,33,0,1,01,D,100,D,1,D,0.0900,D,0,D,0,D,01,D,0,D
20251,05819943,18,0,5,01,D,100,D,1,D,0.0900,D,315,F,1685,F,01,D,14000,F
20251,05822593,21,0,5,01,D,100,D,1,D,0.0900,D,897,D,2103,D,01,D,39862,D
20251,05823433,23,0,5,01,D,100,D,1,D,0.0900,D,2678,D,4822,D,01,D,119000,D
20251,05823983,15,0,5,01,D,100,D,2,D,0.0900,D,,A,,A,01,D,116,D
20251,05824613,32,0,5,01,D,100,D,1,D,0.0900,D,2646,D,1166,D,01,D,117591,D
20251,05826203,25,0,5,01,D,100,D,1,D,0.0900,D,855,D,45,D,01,D,38000,D
20251,05826963,36,0,5,01,D,100,D,1,D,0.0900,D,1575,D,-165,D,01,D,70000,D
20251,05827833,31,0,5,01,D,100,D,1,D,0.0900,D,68,D,1432,D,01,D,3042,D
20251,05829183,22,0,5,01,D,100,D,1,D,0.0900,D,2610,D,2790,D,01,D,116000,D
20251,05829633,26,0,5,01,D,100,D,1,D,0.0900,D,648,D,2652,D,01,D,28800,D
20251,05830992,35,0,5,01,D,100,D,1,D,0.0900,D,1305,D,495,D,01,D,58000,D
20251,05831402,31,0,5,01,D,100,D,1,D,0.0900,D,188,D,352,D,01,D,8356,D
20251,05832532,25,0,5,01,D,100,D,1,D,0.0900,D,540,D,210,D,01,D,24000,D
20251,05833972,24,0,5,01,D,100,D,2,D,0.0900,D,450,F,1350,F,01,D,20000,F
20251,05835182,39,0,5,01,D,100,D,2,D,0.0900,D,,A,,A,01,D,0,D
20251,05836712,21,0,1,01,D,100,D,1,D,0.0900,D,14,D,625,D,01,D,639,D
20251,05838062,52,0,5,01,D,100,D,1,D,0.0900,D,1784,D,166,D,01,D,79294,D
20251,05838492,22,0,5,01,D,100,D,1,D,0.0900,D,891,D,-63,D,01,D,39590,D
20251,05838592,27,0,5,01,D,100,D,1,D,0.0900,D,3600,D,-2100,D,01,D,160000,D
20251,05839522,28,0,5,01,D,100,D,1,D,0.0900,D,585,D,7392,D,01,D,26000,D
20251,05841432,22,0,1,01,D,100,D,1,D,0.0900,D,0,F,0,F,01,D,0,F
20251,05841482,19,0,5,01,D,100,D,2,D,0.0900,D,701,F,42,F,01,D,31134,F
20251,05843282,28,0,5,01,D,100,D,1,D,0.0900,D,3150,D,-1053,D,01,D,140000,D
20251,05844532,25,0,1,02,D,200,D,1,D,0.0900,D,1125,D,-75,D,01,D,50000,D
20251,05846732,28,0,5,01,D,100,D,1,D,0.0900,D,180,D,180,D,01,D,8000,D
20251,05846882,32,0,5,01,D,100,D,1,D,0.0900,D,2072,D,-772,D,01,D,92100,D
20251,05847602,18,0,1,01,D,100,D,1,D,0.0900,D,2250,D,3150,D,01,D,100000,D
20251,05848262,42,0,5,01,D,100,D,2,D,0.0900,D,,A,,A,01,D,24000,D
20251,05848842,28,0,5,01,D,100,D,1,D,0.0900,D,473,D,712,D,01,D,21000,D
20251,05849022,42,0,5,01,D,100,D,1,D,0.0900,D,0,D,0,D,01,D,0,D
20251,05851022,16,0,5,01,D,100,D,1,D,0.0900,D,315,D,1685,D,01,D,14000,D
20251,05851522,28,0,5,01,D,100,D,1,D,0.0900,D,1069,D,1100,D,01,D,47500,D
20251,05851922,25,0,5,01,D,100,D,2,D,0.0900,D,,A,,A,01,D,0,D
20251,05852412,21,0,5,01,D,100,D,1,D,0.0900,D,2250,D,150,D,01,D,100000,D
20251,05852542,35,0,5,01,D,100,D,1,D,0.0900,D,3375,D,-1230,D,01,D,150000,D
20251,05852622,25,0,5,01,D,100,D,1,D,0.0900,D,90,D,270,D,01,D,4000,D
20251,05854582,27,0,5,01,D,100,D,2,D,0.0900,D,,A,,A,01,D,0,D
20251,05854942,61,0,5,01,D,100,D,2,D,0.0900,D,,A,,A,01,D,15600,D
20251,05855302,33,0,5,01,D,100,D,1,D,0.0900,D,3600,D,3300,D,01,D,160000,D
20251,05855762,23,0,5,01,D,100,D,1,D,0.0900,D,675,D,375,D,01,D,30000,D
20251,05856522,25,0,5,01,D,100,D,1,D,0.0900,D,2250,D,450,D,01,D,100000,D
20251,05857222,16,0,1,01,D,100,D,1,D,0.0900,D,2250,D,1650,D,01,D,100000,D
20251,05858652,41,0,5,01,D,100,D,1,D,0.0900,D,450,D,75910,T,01,D,20000,D
20251,05858782,32,0,5,01,D,100,D,1,D,0.0900,D,923,D,2077,D,01,D,41000,D
20251,05859182,24,0,5,01,D,100,D,1,D,0.0900,D,2087,D,613,D,01,D,92759,D
20251,05860122,17,0,1,01,D,100,D,1,D,0.0900,D,671,D,185,D,01,D,29800,D
20251,05860452,13,0,1,01,D,100,D,2,D,0.0900,D,3060,F,-1401,F,01,D,136000,F
20251,05860622,37,0,5,01,D,100,D,1,D,0.0900,D,375,D,75,D,01,D,16672,D
20251,05861102,25,0,5,01,D,100,D,2,D,0.0900,D,,A,,A,01,D,2345,D
20251,05861802,30,0,5,01,D,100,D,1,D,0.0900,D,1530,D,570,D,01,D,68000,D
20251,05862102,26,0,5,01,D,100,D,2,D,0.0900,D,,A,,A,01,D,187000,D
20251,05862562,43,0,5,01,D,100,D,1,D,0.0900,D,878,D,622,D,01,D,39000,D
20251,05862832,44,0,1,01,D,100,D,1,D,0.0900,D,1013,D,-697,D,01,D,45000,D
20251,05863772,24,0,5,01,D,100,D,1,D,0.0900,D,563,D,283,D,01,D,25000,D
20251,05896371,36,0,1,01,D,100,D,2,D,0.0900,D,,A,,A,01,D,0,D
20251,05897031,41,0,1,01,D,100,D,1,D,0.0900,D,3994,D,766,D,01,D,177515,D
20251,05898291,13,0,1,01,D,100,D,2,D,0.0900,D,,A,,A,01,D,160000,D
20251,05898811,17,0,1,01,D,100,D,1,D,0.0900,D,4275,D,-675,D,01,D,190000,D
20251,05899271,50,0,1,01,D,100,D,1,D,0.0900,D,696,D,1804,D,01,D,30948,D
20251,05899591,24,0,1,01,D,100,D,1,D,0.0900,D,1080,D,210,D,01,D,48000,D
20251,05900481,33,0,1,01,D,100,D,1,D,0.0900,D,5490,D,510,D,01,D,359893,T
20251,05900781,16,0,1,01,D,100,D,1,D,0.0900,D,198,D,4102,D,01,D,8790,D
20251,05901171,18,0,1,01,D,100,D,1,D,0.0900,D,1440,D,285,D,01,D,64000,D
20251,05901501,11,0,1,01,D,100,D,1,D,0.0900,D,1800,D,-700,D,01,D,80000,D
20251,05901911,28,0,1,01,D,100,D,1,D,0.0900,D,1403,D,-809,D,01,D,62342,D
20251,05902511,40,0,1,01,D,100,D,1,D,0.0900,D,968,D,532,D,01,D,43000,D
20251,05902601,28,0,1,01,D,100,D,1,D,0.0900,D,248,D,952,D,01,D,11000,D
20251,05902841,16,0,1,01,D,100,D,1,D,0.0900,D,630,D,2370,D,01,D,28000,D
20251,05902881,28,0,1,01,D,100,D,1,D,0.0900,D,3375,F,-1230,F,01,D,150000,F
20251,05903471,19,0,1,01,D,100,D,1,D,0.0900,D,4725,F,-2992,V,01,D,210000,F
20251,05904631,38,0,1,01,D,100,D,1,D,0.0900,D,180,D,804,D,01,D,8000,D
20251,05904911,17,0,1,01,D,100,D,1,D,0.0900,D,1800,F,-700,F,01,D,80000,F
20251,05905701,21,0,1,01,D,100,D,1,D,0.0900,D,65,D,835,D,01,D,2900,D
20251,05906071,24,0,1,01,D,100,D,2,D,0.0900,D,,A,,A,01,D,0,D
20251,05906251,25,0,1,01,D,100,D,1,D,0.0900,D,506,D,6094,D,01,D,22500,D
20251,05906261,24,0,1,01,D,100,D,1,D,0.0900,D,1215,D,885,D,01,D,54000,D
20251,05907081,16,0,1,01,D,100,D,2,D,0.0900,D,,A,,A,01,D,175000,D
20251,05907271,19,0,1,01,D,100,D,1,D,0.0900,D,675,D,4325,D,01,D,30000,D
20251,05955091,37,0,1,01,D,100,D,1,D,0.0900,D,833,D,107,D,01,D,37000,D
20251,05956641,15,0,1,01,D,100,D,1,D,0.0900,D,25,D,1075,D,01,D,1100,D
20251,05956861,14,0,1,01,D,100,D,1,D,0.0900,D,369,D,431,D,01,D,16400,D
20251,05957571,33,0,1,01,D,100,D,1,D,0.0900,D,3600,D,2100,D,01,D,160000,D
20251,05957651,19,0,1,01,D,100,D,1,D,0.0900,D,2138,D,862,D,01,D,95000,D
20251,05958861,18,0,1,01,D,100,D,1,D,0.0900,D,1350,D,1650,D,01,D,60000,D
20251,05961721,55,0,1,01,D,100,D,1,D,0.0900,D,856,D,356,D,01,D,38039,D
20251,05962361,22,0,1,01,D,100,D,1,D,0.0900,D,50,D,2150,D,01,D,2200,D
20251,05963251,10,0,1,01,D,100,D,1,D,0.0900,D,788,D,412,D,01,D,35000,D
20251,05967571,22,0,1,01,D,100,D,1,D,0.0900,D,675,D,2325,D,01,D,30000,D
20251,05970051,25,0,1,01,D,100,D,1,D,0.0900,D,4500,D,1500,D,01,D,200000,D
20251,05970221,13,0,1,01,D,100,D,2,D,0.0900,D,,A,,A,01,D,0,D
20251,05971101,24,0,1,01,D,100,D,1,D,0.0900,D,2048,D,88,D,01,D,91000,D
20251,05972781,18,0,1,01,D,100,D,1,D,0.0900,D,0,D,0,D,01,D,0,D
20251,05976191,15,0,1,01,D,100,D,1,D,0.0900,D,4725,D,-2992,T,01,D,210000,D
20251,05977121,21,0,1,01,D,100,D,1,D,0.0900,D,653,D,847,D,01,D,29000,D
20251,05977791,18,0,1,01,D,100,D,2,D,0.0900,D,200,F,3100,F,01,D,8900,F
20251,05980731,31,0,1,01,D,100,D,1,D,0.0900,D,1013,D,454,D,01,D,45000,D
20251,05981261,21,0,1,01,D,100,D,2,D,0.0900,D,,A,,A,01,D,359893,T
