QYEAR,NEWID,SEQNO,ALCNO,REC_ORIG,VEHICYC,VEHICYC_,VEHDISP,VEHDISP_,VDISPMO,VDISPMO_,SALEX,SALEX_,REIMBURX,REIM_URX,EXREIMBX,EXRE_MBX,LOANSTAT,LOAN_TAT,FINPAYMX,FINP_YMX,VEHICIC,VEHICIC_
20241,05286894,21,0,2,100,D,1,D,10,D,900,D,,A,,A,2,D,,A,03,D
20241,05287424,20,0,1,100,D,1,D,11,D,5000,D,,A,,A,2,D,,A,02,D
20241,05287554,28,0,1,100,D,1,D,10,D,2000,F,,A,,A,2,D,,A,01,D
20241,05287834,40,0,1,110,D,2,D,12,D,,A,,A,,A,1,D,33000,D,03,D
20241,05288694,29,0,1,110,D,2,D,11,D,,A,,A,,A,1,D,,A,03,D
20241,05289044,40,0,2,110,D,1,D,10,D,6000,D,,A,,A,2,D,,A,01,D
20241,05290514,37,0,1,110,D,3,D,11,D,,A,,A,,A,2,D,,A,02,D
20241,05290984,28,0,1,110,D,2,D,11,D,,A,,A,,A,1,D,,A,01,D
20241,05292544,72,0,1,100,D,1,D,11,D,8000,D,,A,,A,2,D,,A,01,D
20241,05293574,16,0,1,110,D,6,D,10,D,,A,,A,,A,2,D,,A,01,D
20241,05293594,12,0,1,100,D,6,D,10,D,,A,,A,,A,2,D,,A,02,D
20241,05293684,24,0,1,110,D,1,D,10,D,2250,D,,A,,A,2,D,,A,01,D
20241,05293954,56,0,1,100,D,3,D,12,D,,A,,A,,A,2,D,,A,02,D
20241,05294284,22,0,1,160,D,1,D,12,D,,T,,A,,A,2,D,,A,03,D
20241,05295474,38,0,1,110,D,1,D,12,D,34000,D,,A,,A,1,D,34800,D,01,D
20241,05295564,84,0,1,100,D,1,D,12,D,3500,D,,A,,A,2,D,,A,03,D
20241,05296414,21,0,2,100,D,1,D,10,D,16000,D,,A,,A,2,D,,A,03,D
20241,05344244,31,0,1,100,D,1,D,11,D,7000,D,,A,,A,1,D,6000,D,02,D
20241,05344664,17,0,1,100,D,4,D,11,D,,A,11000,D,,A,2,D,,A,01,D
20241,05344974,22,0,1,110,D,4,D,12,D,,A,6900,D,,A,2,D,,A,02,D
20241,05345634,39,0,1,110,D,,C,12,D,,A,,A,,A,,C,,A,01,D
20241,05345764,32,0,1,100,D,1,D,11,D,1500,D,,A,,A,2,D,,A,02,D
20241,05346984,9,0,1,100,D,4,D,01,D,,A,5200,F,,A,1,D,,A,01,D
20241,05347154,28,0,1,100,D,4,D,11,D,,A,9000,D,,A,2,D,,A,02,D
20241,05347534,29,0,1,110,D,2,D,12,D,,A,,A,,A,1,D,,A,02,D
20241,05347664,32,0,1,110,D,1,D,12,D,22000,D,,A,,A,2,D,,A,01,D
20241,05348244,37,0,2,100,D,1,D,11,D,1500,D,,A,,A,2,D,,A,03,D
20241,05348274,24,0,2,100,D,2,D,11,D,,A,,A,,A,2,D,,A,01,D
20241,05348444,17,0,1,100,D,2,D,12,D,,A,,A,,A,1,D,7700,D,01,D
20241,05349454,35,0,1,110,D,1,D,12,D,4000,D,,A,,A,2,D,,A,01,D
20241,05350944,32,0,1,100,D,1,D,11,D,3000,D,,A,,A,2,D,,A,02,D
20241,05351474,22,0,1,110,D,2,D,01,D,,A,,A,,A,2,D,,A,01,D
20241,05351814,11,0,1,100,D,2,D,11,D,,A,,A,,A,1,D,,A,01,D
20241,05352124,32,0,1,100,D,1,D,11,D,500,D,,A,,A,2,D,,A,01,D
20241,05353594,38,0,1,160,D,3,D,01,D,,A,,A,,A,2,D,,A,10,D
20241,05354034,24,0,1,110,D,3,D,11,D,,A,,A,,A,2,D,,A,03,D
20241,05354274,54,0,1,110,D,6,D,01,D,,A,,A,,A,2,D,,A,01,D
20241,05354274,55,0,1,100,D,5,D,11,D,,A,21000,D,,A,2,D,,A,02,D
20241,05354494,43,0,1,100,D,4,D,01,D,,A,,A,5200,D,2,D,,A,03,D
20241,05355114,27,0,1,110,D,1,D,12,D,900,D,,A,,A,2,D,,A,01,D
20241,05355154,21,0,1,100,D,4,D,12,D,,A,,A,5200,F,2,D,,A,01,D
20241,05356124,31,0,1,110,D,2,D,12,D,,A,,A,,A,2,D,,A,03,D
20241,05357864,23,0,1,110,D,6,D,02,D,,A,,A,,A,1,D,,A,02,D
20241,05358664,56,0,1,170,D,1,D,12,D,300,D,,A,,A,2,D,,A,04,D
20241,05359204,12,0,1,150,D,6,D,02,D,,A,,A,,A,,C,,A,02,D
20241,05360644,20,0,2,120,D,6,D,12,D,,A,,A,,A,2,D,,A,02,D
20241,05362624,29,0,2,110,D,3,D,12,D,,A,,A,,A,2,D,,A,03,D
20241,05362634,18,0,1,100,D,1,D,12,D,500,D,,A,,A,2,D,,A,01,D
20241,05363154,52,0,1,100,D,3,D,12,D,,A,,A,,A,2,D,,A,04,D
20241,05364354,33,0,1,110,D,6,D,02,D,,A,,A,,A,2,D,,A,03,D
20241,05364494,15,0,1,110,D,4,D,01,D,,A,,A,,A,2,D,,A,01,D
20241,05365054,29,0,1,110,D,2,D,01,D,,A,,A,,A,2,D,,A,01,D
20241,05365104,43,0,2,110,D,1,D,12,D,1200,D,,A,,A,2,D,,A,04,D
20241,05366094,14,0,1,100,D,6,D,01,D,,A,,A,,A,2,D,,A,01,D
20241,05412043,28,0,1,100,D,2,D,11,D,,A,,A,,A,1,D,,A,01,D
20241,05412383,21,0,1,100,D,4,D,10,D,,A,,A,,A,2,D,,A,02,D
20241,05412383,22,0,1,100,D,3,D,12,D,,A,,A,,A,2,D,,A,03,D
20241,05413243,56,0,1,110,D,3,D,12,D,,A,,A,,A,,C,,A,02,D
20241,05413433,30,0,1,110,D,6,D,12,D,,A,,A,,A,2,D,,A,01,D
20241,05413993,14,0,2,110,D,1,D,10,D,5000,D,,A,,A,2,D,,A,01,D
20241,05414643,40,0,1,100,D,1,D,12,D,500,D,,A,,A,2,D,,A,03,D
20241,05415173,20,0,1,170,D,1,D,12,D,300,F,,A,,A,2,D,,A,02,D
20241,05415523,29,0,2,110,D,1,D,10,D,22000,D,,A,,A,1,D,16000,D,03,D
20241,05415573,42,0,1,100,D,3,D,11,D,,A,,A,,A,2,D,,A,04,D
20241,05415573,43,0,1,110,D,3,D,11,D,,A,,A,,A,2,D,,A,05,D
20241,05415953,47,0,1,110,D,1,D,12,D,16760,D,,A,,A,2,D,,A,02,D
20241,05416113,52,0,1,100,D,4,D,11,D,,A,4200,D,,A,2,D,,A,01,D
20241,05416243,15,0,1,100,D,4,D,11,D,,A,8000,D,,A,2,D,,A,02,D
20241,05416483,29,0,1,110,D,1,D,12,D,300,D,,A,,A,2,D,,A,03,D
20241,05416813,35,0,1,160,D,1,D,12,D,,T,,A,,A,2,D,,A,04,D
20241,05417603,38,0,2,110,D,4,D,10,D,,A,,A,2750,D,1,D,1000,D,02,D
20241,05418013,23,0,1,100,D,1,D,12,D,500,D,,A,,A,2,D,,A,01,D
20241,05418863,17,0,1,110,D,2,D,10,D,,A,,A,,A,2,D,,A,01,D
20241,05421493,25,0,1,100,D,1,D,11,D,1000,F,,A,,A,1,D,,A,02,D
20241,05421643,18,0,1,100,D,4,D,12,D,,A,10000,D,,A,1,D,10000,D,01,D
20241,05422643,32,0,1,110,D,1,D,12,D,21000,D,,A,,A,2,D,,A,03,D
20241,05423923,22,0,1,150,D,3,D,01,D,,A,,A,,A,2,D,,A,02,D
20241,05424853,47,0,1,110,D,2,D,12,D,,A,,A,,A,1,D,10000,D,01,D
20241,05425083,17,0,2,110,D,1,D,11,D,38000,D,,A,,A,1,D,,A,01,D
20241,05425083,18,0,1,110,D,1,D,12,D,10000,D,,A,,A,1,D,35000,D,02,D
20241,05426003,41,0,1,110,D,2,D,12,D,,A,,A,,A,2,D,,A,02,D
20241,05426003,42,0,1,100,D,2,D,12,D,,A,,A,,A,2,D,,A,03,D
20241,05426053,40,0,1,100,D,2,D,11,D,,A,,A,,A,1,D,,A,01,D
20241,05426053,41,0,1,110,D,2,D,11,D,,A,,A,,A,1,D,,A,02,D
20241,05426113,29,0,1,110,D,4,D,01,D,,A,16500,D,,A,1,D,4000,D,01,D
20241,05426183,20,0,1,110,D,1,D,11,D,1600,F,,A,,A,2,D,,A,01,D
20241,05427883,7,0,1,100,D,4,D,01,D,,A,,A,,A,2,D,,A,01,D
20241,05428313,46,0,1,135,D,6,D,11,D,,A,,A,,A,2,D,,A,03,D
20241,05430123,37,0,1,110,D,2,D,01,D,,A,,A,,A,1,D,5000,D,01,D
20241,05430473,28,0,1,100,D,4,D,12,D,,A,5200,D,,A,1,D,190,D,02,D
20241,05432363,25,0,1,110,D,4,D,01,D,,A,8000,D,,A,2,D,,A,02,D
20241,05432493,21,0,1,100,D,4,D,01,D,,A,,A,,A,2,D,,A,03,D
20241,05432553,17,0,1,,B,6,D,11,D,,A,,A,,A,2,D,,A,02,D
20241,05432573,29,0,2,110,D,6,D,11,D,,A,,A,,A,2,D,,A,01,D
20241,05432783,37,0,1,100,D,1,D,01,D,6000,D,,A,,A,2,D,,A,01,D
20241,05433593,28,0,1,100,D,1,D,12,D,4000,F,,A,,A,2,D,,A,04,D
20241,05434383,23,0,1,100,D,3,D,12,D,,A,,A,,A,2,D,,A,02,D
20241,05434663,25,0,1,100,D,4,D,11,D,,A,,A,,A,2,D,,A,01,D
20241,05434843,11,0,1,100,D,6,D,11,D,,A,,A,,A,2,D,,A,01,D
20241,05438383,13,0,1,100,D,6,D,01,D,,A,,A,,A,2,D,,A,01,D
20241,05439393,40,0,1,110,D,6,D,01,D,,A,,A,,A,2,D,,A,02,D
20241,05439393,41,0,1,110,D,2,D,01,D,,A,,A,,A,2,D,,A,03,D
20241,05439393,42,0,1,100,D,1,D,12,D,12000,D,,A,,A,2,D,,A,05,D
20241,05440283,27,0,1,110,D,2,D,01,D,,A,,A,,A,2,D,,A,01,D
20241,05441253,23,0,2,100,D,1,D,12,D,1000,D,,A,,A,2,D,,A,02,D
20241,05443793,37,0,1,110,D,3,D,02,D,,A,,A,,A,2,D,,A,02,D
20241,05443823,37,0,2,100,D,2,D,12,D,,A,,A,,A,2,D,,A,03,D
20241,05443993,20,0,1,100,D,2,D,01,D,,A,,A,,A,2,D,,A,02,D
20241,05444733,44,0,1,110,D,1,D,12,D,4300,D,,A,,A,2,D,,A,01,D
20241,05445183,23,0,2,110,D,6,D,12,D,,A,,A,,A,2,D,,A,01,D
20241,05538512,13,0,1,110,D,6,D,10,D,,A,,A,,A,2,D,,A,01,D
20241,05540822,27,0,1,110,D,2,D,12,D,,A,,A,,A,2,D,,A,02,D
20241,05540874,17,0,1,110,D,4,D,12,D,,A,,A,5000,D,1,D,8500,D,02,D
20241,05542292,20,0,1,110,D,4,D,10,D,,A,2000,D,,A,1,D,,A,01,D
20241,05544142,22,0,1,100,D,1,D,12,D,1500,D,,A,,A,2,D,,A,02,D
20241,05545172,12,0,1,100,D,1,D,12,D,2500,D,,A,,A,2,D,,A,01,D
20241,05546382,24,0,1,110,D,6,D,12,D,,A,,A,,A,2,D,,A,02,D
20241,05546712,45,0,1,100,D,1,D,11,D,1100,D,,A,,A,2,D,,A,02,D
20241,05546712,46,0,2,100,D,1,D,10,D,1120,D,,A,,A,2,D,,A,03,D
20241,05547052,37,0,1,110,D,2,D,11,D,,A,,A,,A,2,D,,A,01,D
20241,05547602,15,0,1,110,D,3,D,11,D,,A,,A,,A,2,D,,A,01,D
20241,05549402,23,0,1,110,D,1,D,10,D,4600,D,,A,,A,2,D,,A,02,D
20241,05550212,13,0,1,200,D,6,D,01,D,,A,,A,,A,,C,,A,02,D
20241,05550252,33,0,1,150,D,1,D,12,D,2000,D,,A,,A,2,D,,A,02,D
20241,05552172,52,0,1,110,D,4,D,11,D,,A,1000,D,,A,2,D,,A,02,D
20241,05552342,37,0,1,110,D,3,D,01,D,,A,,A,,A,2,D,,A,02,D
20241,05554252,45,0,1,200,D,4,D,11,D,,A,7200,D,,A,2,D,,A,04,D
20241,05554522,9,0,1,110,D,6,D,12,D,,A,,A,,A,2,D,,A,01,D
20241,05557392,29,0,1,110,D,1,D,11,D,4900,D,,A,,A,1,D,,A,02,D
20241,05557542,34,0,1,110,D,1,D,12,D,4000,D,,A,,A,2,D,,A,01,D
20241,05557542,35,0,1,100,D,4,D,01,D,,A,,A,,A,2,D,,A,02,D
20241,05557702,25,0,1,110,D,1,D,11,D,7000,D,,A,,A,2,D,,A,02,D
20241,05557862,24,0,1,100,D,4,D,01,D,,A,9000,D,,A,2,D,,A,01,D
20241,05557872,71,0,1,110,D,2,D,12,D,,A,,A,,A,2,D,,A,02,D
20241,05559732,40,0,1,100,D,1,D,12,D,2000,D,,A,,A,2,D,,A,01,D
20241,05563992,43,0,1,100,D,1,D,02,D,4000,D,,A,,A,2,D,,A,03,D
20241,05564072,42,0,1,110,D,2,D,01,D,,A,,A,,A,2,D,,A,02,D
20241,05565182,24,0,1,100,D,4,D,12,D,,A,2000,D,,A,2,D,,A,03,D
20241,05566702,29,0,1,100,D,2,D,12,D,,A,,A,,A,2,D,,A,02,D
20241,05566852,28,0,1,110,D,3,D,01,D,,A,,A,,A,2,D,,A,01,D
20241,05567282,16,0,1,100,D,4,D,02,D,,A,,A,,A,2,D,,A,03,D
20241,05568722,35,0,1,100,D,1,D,12,D,400,D,,A,,A,2,D,,A,01,D
20241,05569372,18,0,1,110,D,2,D,01,D,,A,,A,,A,1,D,10000,D,01,D
20241,05570202,31,0,1,110,D,2,D,12,D,,A,,A,,A,2,D,,A,02,D
20241,05570342,32,0,1,100,D,3,D,12,D,,A,,A,,A,2,D,,A,02,D
20241,05570982,24,0,1,100,D,6,D,12,D,,A,,A,,A,2,D,,A,01,D
20241,05571042,15,0,1,100,D,2,D,01,D,,A,,A,,A,1,D,,A,01,D
20241,05571062,21,0,1,100,D,3,D,01,D,,A,,A,,A,2,D,,A,02,D
20241,05572482,26,0,1,110,D,2,D,12,D,,A,,A,,A,2,D,,A,01,D
20241,05575661,31,0,1,100,D,1,D,10,D,1000,D,,A,,A,2,D,,A,04,D
20241,05577484,14,0,1,110,D,4,D,10,D,,A,350,D,,A,2,D,,A,02,D
20241,05579881,16,0,1,100,D,6,D,10,D,,A,,A,,A,1,D,,A,02,D
20241,05581071,13,0,1,110,D,1,D,12,D,4500,D,,A,,A,2,D,,A,02,D
20241,05584051,23,0,1,120,D,1,D,11,D,70000,D,,A,,A,2,D,,A,02,D
20241,05587391,16,0,1,100,D,2,D,12,D,,A,,A,,A,2,D,,A,02,D
20241,05589031,21,0,1,110,D,1,D,12,D,1600,D,,A,,A,2,D,,A,03,D
20241,05589071,44,0,1,180,D,1,D,11,D,4000,D,,A,,A,2,D,,A,02,D
20241,05589882,15,0,1,110,D,4,D,11,D,,A,3000,D,,A,2,D,,A,03,D
20241,05589882,16,0,1,100,D,4,D,11,D,,A,7000,D,,A,1,D,6000,F,04,D
20241,05599921,28,0,1,110,D,2,D,02,D,,A,,A,,A,2,D,,A,02,D
20241,05604081,21,0,1,100,D,1,D,12,D,11000,D,,A,,A,2,D,,A,02,D
20241,05605021,18,0,1,110,D,3,D,02,D,,A,,A,,A,2,D,,A,03,D
20242,05413034,35,0,1,165,D,6,D,01,D,,A,,A,,A,2,D,,A,02,D
20242,05413034,36,0,1,165,D,6,D,01,D,,A,,A,,A,2,D,,A,03,D
20242,05413034,37,0,1,165,D,6,D,01,D,,A,,A,,A,2,D,,A,04,D
20242,05413664,21,0,1,110,D,4,D,03,D,,A,,A,13000,D,1,D,,A,01,D
20242,05414894,29,0,1,100,D,1,D,03,D,20000,D,,A,,A,2,D,,A,01,D
20242,05415294,30,0,1,125,D,6,D,01,D,,A,,A,,A,2,D,,A,03,D
20242,05415294,31,0,1,165,D,6,D,01,D,,A,,A,,A,2,D,,A,04,D
20242,05415294,32,0,1,180,D,6,D,01,D,,A,,A,,A,2,D,,A,05,D
20242,05415434,16,0,1,100,D,2,D,02,D,,A,,A,,A,2,D,,A,01,D
20242,05415524,24,0,1,110,D,1,D,03,D,5000,D,,A,,A,2,D,,A,02,D
20242,05416824,19,0,1,100,D,1,D,02,D,4500,D,,A,,A,2,D,,A,02,D
20242,05417574,36,0,1,165,D,6,D,03,D,,A,,A,,A,,C,,A,05,D
20242,05417734,33,0,1,125,D,1,D,03,D,8000,D,,A,,A,2,D,,A,02,D
20242,05417974,34,0,1,100,D,4,D,03,D,,A,,A,8400,D,2,D,,A,01,D
20242,05419294,26,0,1,125,D,6,D,01,D,,A,,A,,A,2,D,,A,02,D
20242,05419484,46,0,1,165,D,3,D,01,D,,A,,A,,A,2,D,,A,08,D
20242,05419484,47,0,1,125,D,3,D,02,D,,A,,A,,A,2,D,,A,09,D
20242,05420024,17,0,1,100,D,3,D,01,D,,A,,A,,A,2,D,,A,01,D
20242,05421884,35,0,1,100,D,3,D,03,D,,A,,A,,A,2,D,,A,02,D
20242,05422394,44,0,1,110,D,1,D,02,D,17000,D,,A,,A,2,D,,A,03,D
20242,05422674,25,0,1,110,D,5,D,01,D,,A,,A,,A,2,D,,A,03,D
20242,05422874,25,0,1,165,D,1,D,02,D,4500,D,,A,,A,2,D,,A,03,D
20242,05423064,41,0,2,125,D,6,D,01,D,,A,,A,,A,2,D,,A,02,D
20242,05423264,45,0,1,100,D,2,D,02,D,,A,,A,,A,2,D,,A,01,D
20242,05423954,60,0,1,110,D,2,D,04,D,,A,,A,,A,2,D,,A,02,D
20242,05424774,46,0,1,180,D,1,D,04,D,1600,D,,A,,A,2,D,,A,05,D
20242,05424774,47,0,1,180,D,6,D,04,D,,A,,A,,A,2,D,,A,08,D
20242,05425994,17,0,1,100,D,4,D,03,D,,A,,A,,A,2,D,,A,01,D
20242,05427214,36,0,1,100,D,6,D,03,D,,A,,A,,A,2,D,,A,02,D
20242,05428274,31,0,1,100,D,3,D,04,D,,A,,A,,A,2,D,,A,02,D
20242,05428894,17,0,1,100,D,6,D,03,D,,A,,A,,A,2,D,,A,01,D
20242,05428944,43,0,1,110,D,2,D,04,D,,A,,A,,A,2,D,,A,01,D
20242,05430184,41,0,2,100,D,6,D,02,D,,A,,A,,A,2,D,,A,02,D
20242,05430424,27,0,1,100,D,6,D,04,D,,A,,A,,A,2,D,,A,03,D
20242,05430874,43,0,1,100,D,1,D,03,D,4500,D,,A,,A,2,D,,A,04,D
20242,05431114,43,0,1,110,D,1,D,03,D,5500,D,,A,,A,2,D,,A,01,D
20242,05431584,20,0,1,110,D,6,D,03,D,,A,,A,,A,1,D,,A,03,D
20242,05432094,23,0,1,110,D,1,D,02,D,400,F,,A,,A,2,D,,A,01,D
20242,05432784,38,0,1,150,D,2,D,04,D,,A,,A,,A,2,D,,A,03,D
20242,05433634,20,0,1,100,D,1,D,04,D,4500,D,,A,,A,2,D,,A,02,D
20242,05434474,30,0,1,165,D,6,D,03,D,,A,,A,,A,2,D,,A,02,D
20242,05434744,59,0,1,110,D,2,D,02,D,,A,,A,,A,2,D,,A,01,D
20242,05434984,34,0,1,100,D,4,D,04,D,,A,9000,D,,A,2,D,,A,02,D
20242,05434994,41,0,1,110,D,6,D,03,D,,A,,A,,A,1,D,,A,03,D
20242,05435064,63,0,1,110,D,2,D,03,D,,A,,A,,A,2,D,,A,01,D
20242,05435064,64,0,1,180,D,1,D,03,D,500,D,,A,,A,2,D,,A,03,D
20242,05435404,24,0,1,100,D,2,D,05,D,,A,,A,,A,2,D,,A,02,D
20242,05435684,36,0,1,100,D,2,D,05,D,,A,,A,,A,1,D,,A,02,D
20242,05435684,37,0,2,110,D,6,D,03,D,,A,,A,,A,2,D,,A,03,D
20242,05436354,52,0,1,165,D,6,D,04,D,,A,,A,,A,2,D,,A,03,D
20242,05437234,43,0,1,165,D,1,D,05,D,170000,D,,A,,A,2,D,,A,04,D
20242,05438574,35,0,1,100,D,2,D,05,D,,A,,A,,A,2,D,,A,01,D
20242,05440374,30,0,1,110,D,1,D,03,D,2300,D,,A,,A,2,D,,A,02,D
20242,05440714,21,0,1,100,D,6,D,04,D,,A,,A,,A,1,D,,A,01,D
20242,05443234,25,0,1,110,D,3,D,03,D,,A,,A,,A,2,D,,A,01,D
20242,05443334,14,0,1,100,D,1,D,05,D,300,F,,A,,A,2,D,,A,02,D
20242,05443844,25,0,1,100,D,2,D,04,D,,A,,A,,A,2,D,,A,01,D
20242,05443864,16,0,1,110,D,2,D,04,D,,A,,A,,A,2,D,,A,01,D
20242,05444054,31,0,1,110,D,2,D,05,D,,A,,A,,A,2,D,,A,01,D
20242,05444424,18,0,2,100,D,6,D,03,D,,A,,A,,A,2,D,,A,02,D
20242,05444834,26,0,1,110,D,2,D,05,D,,A,,A,,A,2,D,,A,02,D
20242,05446114,16,0,1,165,D,1,D,05,D,170000,F,,A,,A,2,D,,A,02,D
20242,05446304,37,0,1,100,D,2,D,03,D,,A,,A,,A,2,D,,A,01,D
20242,05538143,21,0,1,100,D,1,D,03,D,500,D,,A,,A,2,D,,A,01,D
20242,05538403,27,0,1,100,D,1,D,02,D,1000,D,,A,,A,2,D,,A,01,D
20242,05538543,34,0,1,110,D,2,D,03,D,,A,,A,,A,2,D,,A,02,D
20242,05538693,39,0,1,110,D,1,D,03,D,8000,F,,A,,A,2,D,,A,01,D
20242,05538733,37,0,1,100,D,2,D,02,D,,A,,A,,A,2,D,,A,01,D
20242,05538853,23,0,1,150,D,3,D,03,D,,A,,A,,A,2,D,,A,05,D
20242,05541743,30,0,1,100,D,3,D,01,D,,A,,A,,A,2,D,,A,04,D
20242,05541973,25,0,1,110,D,6,D,01,D,,A,,A,,A,2,D,,A,01,D
20242,05543283,26,0,1,100,D,3,D,02,D,,A,,A,,A,2,D,,A,02,D
20242,05547043,31,0,1,100,D,1,D,02,D,2000,D,,A,,A,2,D,,A,02,D
20242,05547313,36,0,1,110,D,4,D,01,D,,A,11000,D,,A,2,D,,A,01,D
20242,05548343,12,0,1,100,D,3,D,02,D,,A,,A,,A,2,D,,A,01,D
20242,05548683,21,0,1,100,D,5,D,03,D,,A,,A,,A,2,D,,A,01,D
20242,05549363,35,0,1,100,D,1,D,02,D,3000,D,,A,,A,2,D,,A,01,D
20242,05549403,21,0,1,110,D,1,D,03,D,5000,D,,A,,A,1,D,2200,D,01,D
20242,05549403,22,0,1,110,D,1,D,03,D,3000,D,,A,,A,2,D,,A,03,D
20242,05549693,44,0,1,100,D,2,D,03,D,,A,,A,,A,2,D,,A,02,D
20242,05550233,30,0,1,110,D,1,D,03,D,10000,D,,A,,A,2,D,,A,02,D
20242,05551573,39,0,1,125,D,1,D,02,D,13000,D,,A,,A,2,D,,A,03,D
20242,05551693,17,0,1,110,D,2,D,03,D,,A,,A,,A,2,D,,A,01,D
20242,05552253,51,0,1,165,D,6,D,02,D,,A,,A,,A,2,D,,A,03,D
20242,05552293,24,0,1,110,D,1,D,04,D,2500,D,,A,,A,2,D,,A,03,D
20242,05552623,34,0,1,110,D,2,D,03,D,,A,,A,,A,1,D,,A,01,D
20242,05553033,30,0,1,110,D,2,D,04,D,,A,,A,,A,2,D,,A,01,D
20242,05554823,22,0,2,110,D,1,D,02,D,1000,D,,A,,A,2,D,,A,02,D
20242,05555153,24,0,1,110,D,2,D,04,D,,A,,A,,A,2,D,,A,02,D
20242,05555963,30,0,1,150,D,2,D,04,D,,A,,A,,A,2,D,,A,02,D
20242,05556113,23,0,1,110,D,1,D,02,D,32000,D,,A,,A,1,D,7000,F,01,D
20242,05557773,31,0,2,100,D,1,D,02,D,1800,D,,A,,A,2,D,,A,02,D
20242,05557773,32,0,1,100,D,4,D,02,D,,A,,A,37100,D,2,D,,A,03,D
20242,05558833,48,0,1,110,D,4,D,03,D,,A,5469,D,,A,2,D,,A,02,D
20242,05559103,17,0,1,100,D,6,D,03,D,,A,,A,,A,2,D,,A,02,D
20242,05559563,13,0,1,100,D,1,D,02,D,400,D,,A,,A,2,D,,A,04,D
20242,05559793,23,0,1,110,D,2,D,04,D,,A,,A,,A,2,D,,A,03,D
20242,05560213,14,0,1,110,D,6,D,02,D,,A,,A,,A,2,D,,A,02,D
20242,05560493,16,0,1,100,D,2,D,03,D,,A,,A,,A,2,D,,A,01,D
20242,05561353,32,0,1,110,D,6,D,04,D,,A,,A,,A,,C,,A,03,D
20242,05562483,14,0,1,100,D,1,D,05,D,11000,D,,A,,A,2,D,,A,01,D
20242,05562643,23,0,1,110,D,1,D,04,D,2500,D,,A,,A,2,D,,A,02,D
20242,05562743,24,0,1,150,D,3,D,04,D,,A,,A,,A,2,D,,A,03,D
20242,05563073,12,0,1,100,D,1,D,04,D,300,D,,A,,A,2,D,,A,01,D
20242,05564573,31,0,1,165,D,6,D,05,D,,A,,A,,A,2,D,,A,03,D
20242,05565193,40,0,1,110,D,1,D,05,D,12500,D,,A,,A,2,D,,A,03,D
20242,05565413,27,0,1,110,D,3,D,05,D,,A,,A,,A,2,D,,A,01,D
20242,05565443,31,0,1,110,D,2,D,05,D,,A,,A,,A,2,D,,A,01,D
20242,05565623,24,0,1,100,D,2,D,04,D,,A,,A,,A,2,D,,A,02,D
20242,05565753,15,0,1,100,D,4,D,03,D,,A,,A,,A,2,D,,A,02,D
20242,05565923,47,0,1,110,D,1,D,03,D,2600,D,,A,,A,2,D,,A,01,D
20242,05566573,43,0,2,100,D,1,D,03,D,6000,D,,A,,A,1,D,6480,D,03,D
20242,05569373,20,0,1,165,D,3,D,04,D,,A,,A,,A,2,D,,A,02,D
20242,05569853,49,0,1,110,D,2,D,05,D,,A,,A,,A,2,D,,A,01,D
20242,05570633,39,0,1,110,D,2,D,04,D,,A,,A,,A,2,D,,A,02,D
20242,05571043,17,0,1,100,D,4,D,05,D,,A,,A,37100,F,1,D,476,D,02,D
20242,05571463,36,0,1,110,D,2,D,05,D,,A,,A,,A,2,D,,A,01,D
20242,05571483,58,0,1,110,D,4,D,04,D,,A,4900,D,,A,2,D,,A,02,D
20242,05571483,59,0,1,180,D,1,D,03,D,300,D,,A,,A,2,D,,A,05,D
20242,05571913,33,0,1,165,D,1,D,04,D,4000,D,,A,,A,2,D,,A,03,D
20242,05572373,18,0,1,110,D,6,D,05,D,,A,,A,,A,2,D,,A,01,D
20242,05572513,26,0,1,100,D,3,D,04,D,,A,,A,,A,2,D,,A,02,D
20242,05572943,15,0,1,100,D,1,D,05,D,500,D,,A,,A,2,D,,A,01,D
20242,05574312,27,0,1,110,D,2,D,02,D,,A,,A,,A,1,D,432,D,01,D
20242,05574442,16,0,1,100,D,6,D,01,D,,A,,A,,A,2,D,,A,02,D
20242,05574552,30,0,1,100,D,2,D,02,D,,A,,A,,A,2,D,,A,02,D
20242,05574642,41,0,1,100,D,2,D,02,D,,A,,A,,A,2,D,,A,02,D
20242,05574702,27,0,1,110,D,4,D,02,D,,A,65000,D,,A,1,D,60000,D,01,D
20242,05574812,27,0,1,100,D,4,D,02,D,,A,25000,D,,A,1,D,8800,D,02,D
20242,05575582,37,0,1,110,D,3,D,02,D,,A,,A,,A,2,D,,A,01,D
20242,05575782,39,0,1,110,D,1,D,02,D,19000,D,,A,,A,2,D,,A,01,D
20242,05575952,15,0,1,110,D,1,D,02,D,31000,D,,A,,A,2,D,,A,01,D
20242,05576302,18,0,1,110,D,1,D,03,D,400,D,,A,,A,2,D,,A,02,D
20242,05576742,14,0,1,110,D,6,D,01,D,,A,,A,,A,2,D,,A,01,D
20242,05577142,16,0,1,110,D,6,D,01,D,,A,,A,,A,1,D,,A,01,D
20242,05577142,17,0,1,110,D,6,D,01,D,,A,,A,,A,1,D,,A,02,D
20242,05579702,25,0,1,100,D,4,D,01,D,,A,9000,F,,A,1,D,,A,03,D
20242,05580142,27,0,1,100,D,1,D,02,D,4500,F,,A,,A,2,D,,A,01,D
20242,05580592,33,0,1,110,D,1,D,03,D,3500,D,,A,,A,2,D,,A,03,D
20242,05581712,28,0,1,110,D,1,D,01,D,2500,F,,A,,A,2,D,,A,01,D
20242,05581712,29,0,1,100,D,1,D,03,D,500,F,,A,,A,2,D,,A,05,D
20242,05583882,19,0,1,110,D,4,D,01,D,,A,,A,,A,2,D,,A,01,D
20242,05583922,20,0,1,100,D,3,D,02,D,,A,,A,,A,2,D,,A,02,D
20242,05583962,37,0,1,100,D,2,D,01,D,,A,,A,,A,2,D,,A,01,D
20242,05584342,34,0,1,150,D,2,D,03,D,,A,,A,,A,2,D,,A,04,D
20242,05584432,29,0,1,110,D,2,D,02,D,,A,,A,,A,1,D,,A,01,D
20242,05585312,19,0,1,100,D,1,D,04,D,100,D,,A,,A,2,D,,A,01,D
20242,05585942,35,0,1,100,D,1,D,03,D,500,D,,A,,A,2,D,,A,02,D
20242,05585942,36,0,1,165,D,6,D,02,D,,A,,A,,A,2,D,,A,04,D
20242,05586382,37,0,1,110,D,6,D,04,D,,A,,A,,A,2,D,,A,02,D
20242,05587472,43,0,1,100,D,1,D,04,D,6000,D,,A,,A,2,D,,A,02,D
20242,05587482,20,0,1,110,D,4,D,03,D,,A,16000,D,,A,1,D,7000,D,01,D
20242,05588292,18,0,1,110,D,1,D,02,D,10000,F,,A,,A,2,D,,A,02,D
20242,05588892,22,0,1,100,D,4,D,03,D,,A,,A,,A,2,D,,A,04,D
20242,05589272,33,0,2,110,D,1,D,02,D,1000,D,,A,,A,2,D,,A,03,D
20242,05589502,41,0,1,150,D,1,D,02,D,2000,D,,A,,A,2,D,,A,04,D
20242,05589702,24,0,1,100,D,2,D,03,D,,A,,A,,A,2,D,,A,01,D
20242,05590042,27,0,1,110,D,4,D,02,D,,A,15900,D,,A,2,D,,A,01,D
20242,05590042,28,0,2,110,D,4,D,02,D,,A,15000,D,,A,2,D,,A,02,D
20242,05590282,28,0,1,110,D,1,D,04,D,3500,F,,A,,A,2,D,,A,01,D
20242,05590512,21,0,1,100,D,6,D,04,D,,A,,A,,A,2,D,,A,01,D
20242,05591582,31,0,1,100,D,6,D,02,D,,A,,A,,A,2,D,,A,02,D
20242,05591992,15,0,1,100,D,,C,02,D,,A,,A,,A,2,D,,A,02,D
20242,05592932,12,0,1,110,D,6,D,02,D,,A,,A,,A,1,D,,A,01,D
20242,05593212,13,0,1,110,D,6,D,04,D,,A,,A,,A,2,D,,A,02,D
20242,05594042,24,0,1,100,D,1,D,03,D,2500,F,,A,,A,2,D,,A,01,D
20242,05597792,65,0,1,110,D,1,D,05,D,8500,D,,A,,A,1,D,7500,D,03,D
20242,05599972,43,0,1,100,D,2,D,04,D,,A,,A,,A,2,D,,A,02,D
20242,05600642,32,0,1,110,D,1,D,03,D,4500,D,,A,,A,2,D,,A,02,D
20242,05600742,32,0,1,100,D,1,D,05,D,18000,D,,A,,A,2,D,,A,02,D
20242,05603422,23,0,1,100,D,3,D,04,D,,A,,A,,A,2,D,,A,01,D
20242,05604604,24,0,1,110,D,2,D,04,D,,A,,A,,A,2,D,,A,01,D
20242,05604782,23,0,1,100,D,4,D,03,D,,A,400,D,,A,2,D,,A,01,D
20242,05606482,33,0,1,100,D,1,D,05,D,2500,D,,A,,A,2,D,,A,02,D
20242,05606482,34,0,1,100,D,3,D,03,D,,A,,A,,A,2,D,,A,03,D
20242,05606482,35,0,1,110,D,3,D,03,D,,A,,A,,A,1,D,,A,04,D
20242,05606962,23,0,1,100,D,5,D,04,D,,A,7000,D,,A,1,D,2300,D,01,D
20242,05657741,35,0,1,200,D,1,D,01,D,5000,D,,A,,A,2,D,,A,03,D
20242,05662611,33,0,1,110,D,4,D,02,D,,A,31343,D,,A,2,D,,A,02,D
20242,05662741,19,0,1,110,D,1,D,02,D,500,D,,A,,A,2,D,,A,02,D
20242,05664641,25,0,1,100,D,1,D,03,D,4500,F,,A,,A,2,D,,A,06,D
20242,05667771,35,0,1,100,D,1,D,04,D,2024,D,,A,,A,2,D,,A,04,D
20242,05668721,47,0,1,100,D,3,D,04,D,,A,,A,,A,2,D,,A,05,D
20242,05671731,21,0,1,110,D,6,D,03,D,,A,,A,,A,2,D,,A,03,D
20242,05674081,24,0,1,110,D,1,D,02,D,5000,D,,A,,A,2,D,,A,03,D
20242,05675291,11,0,1,110,D,1,D,02,D,5000,D,,A,,A,2,D,,A,02,D
20242,05675821,25,0,1,100,D,4,D,03,D,,A,4700,D,,A,2,D,,A,05,D
20242,05678431,46,0,1,100,D,6,D,05,D,,A,,A,,A,2,D,,A,10,D
20242,05678431,47,0,1,100,D,6,D,05,D,,A,,A,,A,2,D,,A,11,D
20242,05678791,33,0,1,110,D,1,D,03,D,8000,D,,A,,A,2,D,,A,03,D
20242,05680614,17,0,1,110,D,3,D,05,D,,A,,A,,A,2,D,,A,01,D
20242,05682501,19,0,1,100,D,2,D,04,D,,A,,A,,A,2,D,,A,02,D
20242,05682521,11,0,1,100,D,1,D,04,D,3000,D,,A,,A,2,D,,A,03,D
20242,05682811,11,0,1,110,D,1,D,05,D,8000,D,,A,,A,2,D,,A,02,D
20242,05683311,35,0,1,110,D,6,D,04,D,,A,,A,,A,2,D,,A,04,D
20242,05685911,13,0,1,110,D,3,D,04,D,,A,,A,,A,2,D,,A,02,D
20242,05686051,33,0,1,100,D,1,D,03,D,2024,D,,A,,A,2,D,,A,03,D
20242,05689301,26,0,1,125,D,1,D,03,D,7500,D,,A,,A,2,D,,A,04,D
20243,05538004,18,0,1,110,D,2,D,04,D,,A,,A,,A,2,D,,A,02,D
20243,05538534,18,0,1,100,D,6,D,06,D,,A,,A,,A,2,D,,A,02,D
20243,05539344,19,0,2,110,D,6,D,04,D,,A,,A,,A,2,D,,A,02,D
20243,05539864,30,0,1,110,D,1,D,06,D,6000,D,,A,,A,2,D,,A,01,D
20243,05540464,40,0,2,110,D,3,D,04,D,,A,,A,,A,2,D,,A,03,D
20243,05540974,32,0,1,100,D,1,D,05,D,7000,D,,A,,A,2,D,,A,02,D
20243,05540974,33,0,1,110,D,1,D,05,D,11500,D,,A,,A,2,D,,A,03,D
20243,05541694,43,0,1,165,D,6,D,06,D,,A,,A,,A,2,D,,A,02,D
20243,05541744,44,0,1,110,D,6,D,05,D,,A,,A,,A,,C,,A,03,D
20243,05543044,20,0,1,110,D,2,D,06,D,,A,,A,,A,1,D,19690,D,01,D
20243,05543564,32,0,1,100,D,2,D,06,D,,A,,A,,A,2,D,,A,02,D
20243,05544144,33,0,1,100,D,2,D,06,D,,A,,A,,A,2,D,,A,03,D
20243,05544414,28,0,1,150,D,1,D,06,D,6000,D,,A,,A,2,D,,A,03,D
20243,05544924,16,0,1,100,D,1,D,04,D,400,D,,A,,A,2,D,,A,01,D
20243,05544924,17,0,1,110,D,1,D,06,D,1700,D,,A,,A,2,D,,A,02,D
20243,05545544,79,0,1,165,D,6,D,06,D,,A,,A,,A,2,D,,A,11,D
20243,05545944,38,0,1,110,D,1,D,05,D,11000,D,,A,,A,2,D,,A,03,D
20243,05546104,17,0,1,110,D,2,D,06,D,,A,,A,,A,1,D,5000,D,01,D
20243,05546294,40,0,1,110,D,1,D,06,D,11500,D,,A,,A,2,D,,A,01,D
20243,05546574,24,0,1,125,D,1,D,06,D,10000,D,,A,,A,2,D,,A,03,D
20243,05547304,33,0,1,110,D,2,D,04,D,,A,,A,,A,2,D,,A,01,D
20243,05547844,37,0,1,110,D,2,D,05,D,,A,,A,,A,2,D,,A,02,D
20243,05547854,22,0,1,100,D,2,D,06,D,,A,,A,,A,2,D,,A,03,D
20243,05548304,33,0,1,110,D,3,D,05,D,,A,,A,,A,2,D,,A,03,D
20243,05548464,43,0,1,110,D,1,D,06,D,2000,D,,A,,A,2,D,,A,02,D
20243,05548964,51,0,1,110,D,1,D,04,D,17500,D,,A,,A,2,D,,A,01,D
20243,05548964,52,0,1,100,D,4,D,04,D,,A,10000,D,,A,2,D,,A,03,D
20243,05549694,41,0,1,110,D,1,D,07,D,42000,D,,A,,A,1,D,38500,D,01,D
20243,05549824,45,0,1,110,D,1,D,05,D,13500,D,,A,,A,1,D,10000,D,01,D
20243,05550764,29,0,1,100,D,1,D,06,D,2500,D,,A,,A,2,D,,A,01,D
20243,05551154,36,0,1,110,D,1,D,07,D,8750,D,,A,,A,2,D,,A,03,D
20243,05551574,38,0,1,110,D,3,D,06,D,,A,,A,,A,2,D,,A,02,D
20243,05551684,13,0,1,100,D,5,D,06,D,,A,,A,9000,D,2,D,,A,01,D
20243,05551984,38,0,1,110,D,2,D,06,D,,A,,A,,A,2,D,,A,03,D
20243,05553924,52,0,1,125,D,1,D,07,D,6000,D,,A,,A,2,D,,A,05,D
20243,05553924,53,0,1,150,D,1,D,07,D,1400,D,,A,,A,2,D,,A,06,D
20243,05554104,15,0,1,110,D,2,D,05,D,,A,,A,,A,1,D,750,D,01,D
20243,05554654,40,0,1,100,D,3,D,05,D,,A,,A,,A,2,D,,A,04,D
20243,05554864,28,0,1,100,D,2,D,06,D,,A,,A,,A,1,D,,A,02,D
20243,05555184,29,0,1,110,D,1,D,05,D,16000,D,,A,,A,2,D,,A,01,D
20243,05555344,25,0,1,110,D,4,D,06,D,,A,14200,D,,A,2,D,,A,01,D
20243,05556514,36,0,1,110,D,4,D,05,D,,A,21000,D,,A,2,D,,A,01,D
20243,05557694,10,0,1,110,D,1,D,07,D,12000,F,,A,,A,2,D,,A,01,D
20243,05557874,70,0,1,110,D,4,D,06,D,,A,48300,D,,A,1,D,39000,D,03,D
20243,05558724,18,0,1,110,D,1,D,06,D,400,D,,A,,A,2,D,,A,02,D
20243,05559654,34,0,1,110,D,2,D,06,D,,A,,A,,A,1,D,20000,D,03,D
20243,05559894,44,0,1,110,D,3,D,07,D,,A,,A,,A,2,D,,A,01,D
20243,05560734,44,0,2,110,D,1,D,05,D,4800,D,,A,,A,2,D,,A,06,D
20243,05563894,39,0,1,100,D,2,D,06,D,,A,,A,,A,2,D,,A,01,D
20243,05563894,40,0,1,110,D,1,D,08,D,6500,D,,A,,A,2,D,,A,02,D
20243,05565494,81,0,1,200,D,6,D,06,D,,A,,A,,A,2,D,,A,08,D
20243,05565704,21,0,1,110,D,1,D,08,D,940,D,,A,,A,2,D,,A,01,D
20243,05566084,23,0,1,100,D,1,D,08,D,2500,D,,A,,A,2,D,,A,02,D
20243,05566334,29,0,2,110,D,1,D,06,D,32000,D,,A,,A,2,D,,A,02,D
20243,05567164,24,0,1,110,D,2,D,08,D,,A,,A,,A,2,D,,A,01,D
20243,05568574,44,0,1,110,D,2,D,06,D,,A,,A,,A,2,D,,A,02,D
20243,05569094,42,0,1,110,D,2,D,06,D,,A,,A,,A,2,D,,A,02,D
20243,05569304,34,0,1,110,D,3,D,06,D,,A,,A,,A,2,D,,A,02,D
20243,05569784,27,0,2,100,D,1,D,06,D,12000,D,,A,,A,2,D,,A,01,D
20243,05570644,41,0,1,100,D,6,D,08,D,,A,,A,,A,2,D,,A,04,D
20243,05570644,42,0,1,100,D,4,D,06,D,,A,6600,D,,A,2,D,,A,05,D
20243,05571424,19,0,1,110,D,6,D,06,D,,A,,A,,A,2,D,,A,02,D
20243,05571464,36,0,1,110,D,2,D,06,D,,A,,A,,A,2,D,,A,02,D
20243,05572604,32,0,1,110,D,2,D,07,D,,A,,A,,A,2,D,,A,02,D
20243,05572924,20,0,1,110,D,2,D,08,D,,A,,A,,A,2,D,,A,01,D
20243,05573663,24,0,1,100,D,4,D,04,D,,A,,A,,A,1,D,,A,01,D
20243,05573683,93,0,1,110,D,1,D,06,D,17000,D,,A,,A,2,D,,A,02,D
20243,05574733,37,0,1,150,D,3,D,05,D,,A,,A,,A,2,D,,A,05,D
20243,05575233,21,0,1,100,D,4,D,05,D,,A,15000,D,,A,1,D,700,D,01,D
20243,05575413,33,0,1,100,D,6,D,04,D,,A,,A,,A,2,D,,A,02,D
20243,05575583,39,0,1,100,D,3,D,04,D,,A,,A,,A,2,D,,A,03,D
20243,05576273,45,0,1,100,D,2,D,05,D,,A,,A,,A,2,D,,A,01,D
20243,05576723,29,0,2,110,D,6,D,04,D,,A,,A,,A,2,D,,A,02,D
20243,05578093,28,0,2,110,D,2,D,04,D,,A,,A,,A,1,D,72000,F,02,D
20243,05579063,37,0,1,110,D,2,D,06,D,,A,,A,,A,2,D,,A,01,D
20243,05579353,52,0,2,110,D,1,D,04,D,14000,D,,A,,A,2,D,,A,03,D
20243,05582203,32,0,1,100,D,2,D,04,D,,A,,A,,A,2,D,,A,01,D
20243,05582643,43,0,1,180,D,6,D,06,D,,A,,A,,A,2,D,,A,10,D
20243,05582643,44,0,1,180,D,6,D,06,D,,A,,A,,A,2,D,,A,11,D
20243,05583613,34,0,1,110,D,3,D,04,D,,A,,A,,A,2,D,,A,02,D
20243,05584213,40,0,2,100,D,2,D,04,D,,A,,A,,A,1,D,700,F,01,D
20243,05584283,21,0,1,110,D,3,D,04,D,,A,,A,,A,2,D,,A,01,D
20243,05585013,15,0,1,110,D,4,D,06,D,,A,,A,,A,2,D,,A,02,D
20243,05585013,16,0,1,110,D,1,D,06,D,375,D,,A,,A,2,D,,A,03,D
20243,05585033,46,0,1,110,D,2,D,06,D,,A,,A,,A,2,D,,A,02,D
20243,05586223,13,0,1,110,D,1,D,06,D,300,D,,A,,A,2,D,,A,01,D
20243,05586773,30,0,1,110,D,2,D,06,D,,A,,A,,A,1,D,10890,D,03,D
20243,05587383,33,0,1,100,D,2,D,05,D,,A,,A,,A,2,D,,A,01,D
20243,05587613,20,0,1,110,D,4,D,07,D,,A,,A,9000,D,2,D,,A,06,D
20243,05587733,16,0,1,100,D,1,D,06,D,10000,D,,A,,A,1,D,8900,D,01,D
20243,05587803,39,0,2,110,D,2,D,05,D,,A,,A,,A,2,D,,A,04,D
20243,05588083,19,0,1,110,D,2,D,05,D,,A,,A,,A,1,D,,A,01,D
20243,05589153,51,0,1,110,D,6,D,07,D,,A,,A,,A,2,D,,A,09,D
20243,05589563,44,0,1,100,D,6,D,05,D,,A,,A,,A,1,D,,A,03,D
20243,05591113,33,0,1,180,D,1,D,07,D,85,D,,A,,A,2,D,,A,04,D
20243,05591203,15,0,1,110,D,6,D,05,D,,A,,A,,A,2,D,,A,02,D
20243,05591203,16,0,1,110,D,6,D,05,D,,A,,A,,A,2,D,,A,03,D
20243,05592003,30,0,1,100,D,1,D,06,D,350,D,,A,,A,2,D,,A,02,D
20243,05593903,29,0,1,100,D,4,D,06,D,,A,7500,D,,A,2,D,,A,03,D
20243,05597663,23,0,1,100,D,6,D,07,D,,A,,A,,A,2,D,,A,01,D
20243,05597683,61,0,1,110,D,2,D,08,D,,A,,A,,A,1,D,,A,01,D
20243,05597973,36,0,1,110,D,2,D,07,D,,A,,A,,A,1,D,72000,D,01,D
20243,05597973,37,0,1,125,D,1,D,08,D,18000,D,,A,,A,2,D,,A,02,D
20243,05598403,32,0,1,110,D,1,D,07,D,12000,D,,A,,A,2,D,,A,04,D
20243,05598723,17,0,1,110,D,1,D,07,D,100,D,,A,,A,2,D,,A,02,D
20243,05599313,20,0,1,110,D,6,D,08,D,,A,,A,,A,2,D,,A,01,D
20243,05599313,21,0,1,110,D,6,D,08,D,,A,,A,,A,2,D,,A,02,D
20243,05601653,19,0,1,110,D,1,D,06,D,1500,D,,A,,A,2,D,,A,01,D
20243,05602453,22,0,1,110,D,4,D,07,D,,A,5700,D,,A,1,D,3600,D,01,D
20243,05602933,16,0,1,110,D,1,D,07,D,800,D,,A,,A,2,D,,A,01,D
20243,05605413,23,0,1,100,D,4,D,08,D,,A,,A,,A,2,D,,A,01,D
20243,05605673,32,0,1,100,D,1,D,06,D,3500,F,,A,,A,2,D,,A,03,D
20243,05605683,22,0,1,100,D,1,D,08,D,900,D,,A,,A,2,D,,A,01,D
20243,05606233,21,0,1,110,D,1,D,06,D,9200,D,,A,,A,2,D,,A,01,D
20243,05607233,57,0,1,150,D,1,D,07,D,3800,D,,A,,A,2,D,,A,04,D
20243,05607233,58,0,1,150,D,1,D,07,D,3600,D,,A,,A,2,D,,A,05,D
20243,05607233,59,0,1,150,D,1,D,08,D,4200,D,,A,,A,2,D,,A,06,D
20243,05607233,60,0,1,150,D,1,D,08,D,3500,D,,A,,A,2,D,,A,07,D
20243,05607233,61,0,2,150,D,1,D,06,D,3500,D,,A,,A,2,D,,A,12,D
20243,05654812,30,0,1,100,D,3,D,05,D,,A,,A,,A,2,D,,A,01,D
20243,05655212,34,0,1,110,D,1,D,04,D,1000,D,,A,,A,2,D,,A,03,D
20243,05655982,42,0,1,100,D,1,D,04,D,9000,D,,A,,A,2,D,,A,01,D
20243,05656112,42,0,2,100,D,2,D,04,D,,A,,A,,A,2,D,,A,01,D
20243,05659202,30,0,1,110,D,1,D,06,D,3000,D,,A,,A,2,D,,A,03,D
20243,05659672,21,0,1,100,D,2,D,06,D,,A,,A,,A,2,D,,A,01,D
20243,05659812,31,0,1,110,D,6,D,06,D,,A,,A,,A,1,D,,A,01,D
20243,05663332,29,0,1,110,D,4,D,05,D,,A,,A,25000,D,1,D,1000,D,02,D
20243,05663422,39,0,1,100,D,4,D,05,D,,A,12245,D,,A,2,D,,A,02,D
20243,05665152,24,0,1,110,D,,C,05,D,,A,,A,,A,,C,,A,02,D
20243,05665812,35,0,1,110,D,2,D,06,D,,A,,A,,A,2,D,,A,02,D
20243,05666092,26,0,1,110,D,4,D,07,D,,A,27000,D,,A,2,D,,A,01,D
20243,05666562,40,0,2,100,D,4,D,05,D,,A,17000,D,,A,1,D,2500,D,04,D
20243,05667232,28,0,1,110,D,3,D,05,D,,A,,A,,A,2,D,,A,02,D
20243,05667232,29,0,1,150,D,3,D,05,D,,A,,A,,A,2,D,,A,03,D
20243,05668042,28,0,1,100,D,2,D,05,D,,A,,A,,A,1,D,350,D,01,D
20243,05668042,29,0,1,110,D,1,D,06,D,3500,D,,A,,A,2,D,,A,02,D
20243,05669702,34,0,1,125,D,6,D,05,D,,A,,A,,A,2,D,,A,02,D
20243,05670422,46,0,1,110,D,2,D,07,D,,A,,A,,A,2,D,,A,02,D
20243,05672252,45,0,1,100,D,1,D,05,D,7500,D,,A,,A,2,D,,A,02,D
20243,05672732,29,0,1,100,D,1,D,07,D,1500,D,,A,,A,2,D,,A,03,D
20243,05674452,21,0,1,110,D,2,D,07,D,,A,,A,,A,2,D,,A,01,D
20243,05674842,27,0,1,100,D,4,D,06,D,,A,,A,,A,2,D,,A,01,D
20243,05674892,18,0,1,100,D,3,D,05,D,,A,,A,,A,2,D,,A,02,D
20243,05675112,21,0,1,100,D,1,D,07,D,2000,D,,A,,A,2,D,,A,01,D
20243,05675632,34,0,1,100,D,1,D,06,D,2024,D,,A,,A,2,D,,A,05,D
20243,05675632,35,0,1,200,D,1,D,06,D,9500,D,,A,,A,2,D,,A,06,D
20243,05676492,18,0,1,110,D,1,D,05,D,42000,F,,A,,A,2,D,,A,01,D
20243,05676572,45,0,1,100,D,3,D,05,D,,A,,A,,A,2,D,,A,04,D
20243,05676862,18,0,1,100,D,1,D,07,D,12000,D,,A,,A,1,D,,A,01,D
20243,05678302,22,0,1,100,D,1,D,08,D,200,D,,A,,A,2,D,,A,02,D
20243,05678312,28,0,1,110,D,1,D,07,D,1500,F,,A,,A,2,D,,A,01,D
20243,05680012,30,0,2,100,D,1,D,06,D,350,D,,A,,A,2,D,,A,03,D
20243,05680312,37,0,1,110,D,1,D,08,D,800,D,,A,,A,2,D,,A,02,D
20243,05680582,48,0,1,100,D,6,D,06,D,,A,,A,,A,2,D,,A,01,D
20243,05681352,48,0,2,110,D,1,D,06,D,30000,D,,A,,A,2,D,,A,04,D
20243,05681912,25,0,1,100,D,6,D,06,D,,A,,A,,A,2,D,,A,01,D
20243,05681912,26,0,1,100,D,6,D,07,D,,A,,A,,A,2,D,,A,02,D
20243,05683032,46,0,1,110,D,4,D,07,D,,A,26000,D,,A,2,D,,A,01,D
20243,05683172,51,0,1,100,D,1,D,07,D,2600,D,,A,,A,2,D,,A,01,D
20243,05683992,65,0,2,110,D,4,D,06,D,,A,25000,D,,A,1,D,20000,D,04,D
20243,05684382,13,0,1,110,D,1,D,08,D,250,D,,A,,A,2,D,,A,02,D
20243,05684542,38,0,1,125,D,6,D,08,D,,A,,A,,A,2,D,,A,03,D
20243,05685272,21,0,1,110,D,3,D,06,D,,A,,A,,A,2,D,,A,01,D
20243,05686092,42,0,1,110,D,1,D,07,D,4800,F,,A,,A,2,D,,A,03,D
20243,05687322,26,0,1,100,D,1,D,08,D,3400,D,,A,,A,2,D,,A,07,D
20243,05687592,40,0,1,100,D,1,D,08,D,1500,D,,A,,A,2,D,,A,01,D
20243,05795621,27,0,1,110,D,1,D,06,D,5000,D,,A,,A,2,D,,A,02,D
20243,05795801,15,0,1,110,D,1,D,06,D,3000,D,,A,,A,2,D,,A,03,D
20243,05799071,30,0,1,100,D,5,D,04,D,,A,,A,,A,2,D,,A,03,D
20243,05799071,31,0,1,100,D,5,D,04,D,,A,,A,,A,2,D,,A,04,D
20243,05799071,32,0,1,165,D,5,D,04,D,,A,,A,,A,2,D,,A,05,D
20243,05799921,41,0,1,100,D,3,D,06,D,,A,,A,,A,2,D,,A,05,D
20243,05799921,42,0,1,110,D,3,D,06,D,,A,,A,,A,2,D,,A,06,D
20243,05800391,29,0,1,100,D,1,D,05,D,600,D,,A,,A,2,D,,A,03,D
20243,05800773,32,0,1,200,D,1,D,06,D,1000,D,,A,,A,2,D,,A,04,D
20243,05806281,24,0,1,110,D,4,D,04,D,,A,4700,D,,A,2,D,,A,03,D
20243,05806581,23,0,1,110,D,2,D,04,D,,A,,A,,A,1,D,,A,02,D
20243,05810091,42,0,1,150,D,1,D,07,D,1500,D,,A,,A,2,D,,A,06,D
20243,05811801,27,0,1,100,D,1,D,06,D,276,D,,A,,A,2,D,,A,06,D
20243,05812831,23,0,1,200,D,1,D,05,D,2000,D,,A,,A,2,D,,A,03,D
20243,05812921,24,0,1,100,D,3,D,07,D,,A,,A,,A,2,D,,A,03,D
20243,05814281,30,0,1,110,D,2,D,07,D,,A,,A,,A,2,D,,A,03,D
20243,05816271,25,0,1,110,D,6,D,06,D,,A,,A,,A,2,D,,A,05,D
20243,05816381,20,0,1,100,D,4,D,07,D,,A,,A,9000,F,2,D,,A,01,D
20243,05816611,24,0,1,100,D,2,D,05,D,,A,,A,,A,1,D,300,D,02,D
20243,05819193,13,0,1,100,D,3,D,06,D,,A,,A,,A,2,D,,A,02,D
20243,05821471,19,0,1,110,D,1,D,08,D,14000,D,,A,,A,2,D,,A,04,D
20243,05822161,38,0,1,200,D,1,D,07,D,600,D,,A,,A,2,D,,A,08,D
20243,05822391,35,0,1,100,D,1,D,08,D,18000,D,,A,,A,2,D,,A,11,D
20243,05822801,19,0,1,100,D,1,D,08,D,3500,D,,A,,A,2,D,,A,03,D
20243,05823571,42,0,1,110,D,4,D,07,D,,A,48300,F,,A,1,D,39000,F,04,D
20243,05823571,43,0,1,100,D,6,D,06,D,,A,,A,,A,2,D,,A,05,D
20243,05824861,35,0,1,110,D,1,D,06,D,900,D,,A,,A,2,D,,A,02,D
20243,05825551,38,0,1,180,D,6,D,07,D,,A,,A,,A,2,D,,A,04,D
20243,05826541,15,0,1,100,D,1,D,07,D,300,D,,A,,A,2,D,,A,02,D
20243,05826791,22,0,1,110,D,1,D,08,D,7500,D,,A,,A,2,D,,A,02,D
20244,05574014,26,0,1,110,D,1,D,07,D,20000,D,,A,,A,2,D,,A,01,D
20244,05574554,31,0,1,110,D,6,D,08,D,,A,,A,,A,2,D,,A,03,D
20244,05575564,37,0,1,110,D,2,D,08,D,,A,,A,,A,2,D,,A,01,D
20244,05575564,38,0,1,110,D,2,D,09,D,,A,,A,,A,2,D,,A,02,D
20244,05577924,40,0,2,110,D,2,D,07,D,,A,,A,,A,2,D,,A,01,D
20244,05577924,41,0,1,110,D,2,D,09,D,,A,,A,,A,2,D,,A,02,D
20244,05578234,31,0,1,110,D,1,D,07,D,6000,D,,A,,A,2,D,,A,01,D
20244,05578334,62,0,1,110,D,1,D,07,D,16000,D,,A,,A,2,D,,A,02,D
20244,05578344,26,0,1,100,D,3,D,09,D,,A,,A,,A,2,D,,A,01,D
20244,05578344,27,0,1,110,D,3,D,09,D,,A,,A,,A,2,D,,A,03,D
20244,05578374,38,0,1,100,D,2,D,07,D,,A,,A,,A,1,D,7000,D,01,D
20244,05578684,26,0,1,110,D,3,D,08,D,,A,,A,,A,2,D,,A,01,D
20244,05579354,47,0,1,110,D,3,D,07,D,,A,,A,,A,2,D,,A,05,D
20244,05579724,18,0,1,100,D,1,D,08,D,1500,D,,A,,A,2,D,,A,01,D
20244,05579764,24,0,1,165,D,6,D,09,D,,A,,A,,A,2,D,,A,02,D
20244,05579764,25,0,1,180,D,1,D,09,D,20,D,,A,,A,2,D,,A,03,D
20244,05581554,44,0,1,110,D,2,D,09,D,,A,,A,,A,1,D,30000,D,02,D
20244,05581684,37,0,1,100,D,3,D,08,D,,A,,A,,A,2,D,,A,01,D
20244,05584164,33,0,1,110,D,2,D,08,D,,A,,A,,A,2,D,,A,01,D
20244,05585654,40,0,1,110,D,3,D,10,D,,A,,A,,A,2,D,,A,03,D
20244,05585864,43,0,1,110,D,3,D,08,D,,A,,A,,A,2,D,,A,01,D
20244,05586624,22,0,1,100,D,2,D,10,D,,A,,A,,A,2,D,,A,01,D
20244,05586694,23,0,1,100,D,2,D,09,D,,A,,A,,A,2,D,,A,01,D
20244,05587614,38,0,1,110,D,1,D,08,D,1000,D,,A,,A,2,D,,A,03,D
20244,05587734,18,0,1,110,D,6,D,08,D,,A,,A,,A,2,D,,A,02,D
20244,05588364,30,0,1,110,D,3,D,10,D,,A,,A,,A,2,D,,A,02,D
20244,05588694,20,0,1,100,D,4,D,10,D,,A,250,D,,A,2,D,,A,02,D
20244,05588714,17,0,1,100,D,6,D,10,D,,A,,A,,A,,C,,A,01,D
20244,05589024,29,0,1,110,D,2,D,09,D,,A,,A,,A,1,D,9000,D,01,D
20244,05589024,30,0,1,110,D,2,D,08,D,,A,,A,,A,2,D,,A,02,D
20244,05589154,58,0,2,100,D,1,D,08,D,1000,D,,A,,A,2,D,,A,08,D
20244,05590324,41,0,1,110,D,2,D,10,D,,A,,A,,A,2,D,,A,01,D
20244,05591114,33,0,1,150,D,3,D,08,D,,A,,A,,A,1,D,,A,05,D
20244,05591724,35,0,1,110,D,1,D,08,D,2000,F,,A,,A,2,D,,A,01,D
20244,05592044,31,0,2,110,D,1,D,08,D,3000,D,,A,,A,2,D,,A,02,D
20244,05592074,47,0,1,100,D,4,D,08,D,,A,5000,D,,A,2,D,,A,02,D
20244,05592924,30,0,2,110,D,2,D,08,D,,A,,A,,A,1,D,30000,D,01,D
20244,05594514,25,0,1,100,D,6,D,10,D,,A,,A,,A,2,D,,A,01,D
20244,05596274,22,0,1,100,D,1,D,09,D,1100,D,,A,,A,2,D,,A,02,D
20244,05598304,37,0,1,100,D,2,D,11,D,,A,,A,,A,2,D,,A,01,D
20244,05599564,24,0,2,100,D,1,D,09,D,2500,D,,A,,A,2,D,,A,01,D
20244,05600444,19,0,1,100,D,6,D,11,D,,A,,A,,A,2,D,,A,02,D
20244,05600454,54,0,1,100,D,2,D,11,D,,A,,A,,A,2,D,,A,01,D
20244,05600544,18,0,2,100,D,2,D,09,D,,A,,A,,A,1,D,9783,D,01,D
20244,05600744,43,0,1,100,D,1,D,09,D,18000,D,,A,,A,2,D,,A,03,D
20244,05600804,33,0,1,100,D,4,D,11,D,,A,2000,D,,A,2,D,,A,03,D
20244,05601284,26,0,1,110,D,2,D,10,D,,A,,A,,A,2,D,,A,01,D
20244,05605774,52,0,1,110,D,1,D,10,D,500,D,,A,,A,2,D,,A,02,D
20244,05606384,31,0,2,100,D,3,D,09,D,,A,,A,,A,2,D,,A,01,D
20244,05606494,31,0,1,110,D,2,D,10,D,,A,,A,,A,2,D,,A,01,D
20244,05606504,16,0,1,110,D,3,D,09,D,,A,,A,,A,2,D,,A,01,D
20244,05606974,29,0,1,110,D,2,D,11,D,,A,,A,,A,2,D,,A,01,D
20244,05607234,52,0,1,110,D,1,D,10,D,8000,D,,A,,A,2,D,,A,01,D
20244,05607234,53,0,1,150,D,1,D,10,D,4000,D,,A,,A,2,D,,A,10,D
20244,05656233,28,0,1,110,D,4,D,08,D,,A,,A,,A,2,D,,A,02,D
20244,05656813,14,0,1,100,D,1,D,07,D,2000,F,,A,,A,2,D,,A,01,D
20244,05656853,22,0,1,110,D,1,D,07,D,1800,D,,A,,A,2,D,,A,02,D
20244,05659073,67,0,1,100,D,3,D,08,D,,A,,A,,A,2,D,,A,02,D
20244,05659073,68,0,2,110,D,3,D,07,D,,A,,A,,A,2,D,,A,03,D
20244,05659643,38,0,1,100,D,1,D,09,D,4000,D,,A,,A,2,D,,A,03,D
20244,05660683,37,0,2,100,D,6,D,07,D,,A,,A,,A,2,D,,A,02,D
20244,05660733,22,0,1,100,D,1,D,07,D,4500,D,,A,,A,2,D,,A,03,D
20244,05661883,32,0,1,100,D,3,D,09,D,,A,,A,,A,2,D,,A,01,D
20244,05661993,58,0,1,110,D,2,D,09,D,,A,,A,,A,2,D,,A,02,D
20244,05663103,21,0,1,200,D,3,D,09,D,,A,,A,,A,2,D,,A,02,D
20244,05663583,38,0,1,110,D,3,D,08,D,,A,,A,,A,2,D,,A,01,D
20244,05663733,23,0,1,110,D,2,D,09,D,,A,,A,,A,2,D,,A,01,D
20244,05665073,27,0,1,110,D,1,D,07,D,7500,D,,A,,A,2,D,,A,01,D
20244,05665233,54,0,1,110,D,1,D,09,D,11000,D,,A,,A,2,D,,A,06,D
20244,05665333,29,0,1,100,D,3,D,08,D,,A,,A,,A,2,D,,A,02,D
20244,05665803,19,0,1,100,D,2,D,08,D,,A,,A,,A,2,D,,A,01,D
20244,05665873,33,0,1,100,D,2,D,08,D,,A,,A,,A,2,D,,A,01,D
20244,05666633,23,0,1,110,D,2,D,10,D,,A,,A,,A,2,D,,A,02,D
20244,05666653,45,0,2,100,D,3,D,08,D,,A,,A,,A,1,D,,A,01,D
20244,05667483,35,0,1,110,D,2,D,10,D,,A,,A,,A,1,D,,A,01,D
20244,05668833,24,0,1,110,D,2,D,10,D,,A,,A,,A,2,D,,A,01,D
20244,05668833,25,0,1,100,D,2,D,10,D,,A,,A,,A,2,D,,A,02,D
20244,05669143,30,0,1,110,D,2,D,08,D,,A,,A,,A,2,D,,A,01,D
20244,05669363,15,0,1,100,D,4,D,10,D,,A,250,D,,A,2,D,,A,01,D
20244,05670073,34,0,1,110,D,1,D,08,D,3900,D,,A,,A,2,D,,A,02,D
20244,05670133,34,0,1,100,D,1,D,08,D,4000,D,,A,,A,1,D,,A,04,D
20244,05670143,35,0,1,165,D,6,D,08,D,,A,,A,,A,2,D,,A,05,D
20244,05670263,25,0,1,100,D,1,D,10,D,5000,D,,A,,A,2,D,,A,02,D
20244,05670273,13,0,1,110,D,2,D,09,D,,A,,A,,A,2,D,,A,01,D
20244,05670693,14,0,1,125,D,2,D,09,D,,A,,A,,A,2,D,,A,01,D
20244,05672333,38,0,1,110,D,2,D,10,D,,A,,A,,A,1,D,17500,D,01,D
20244,05672333,39,0,1,110,D,2,D,10,D,,A,,A,,A,1,D,16800,D,02,D
20244,05672333,40,0,1,110,D,4,D,09,D,,A,8300,D,,A,1,D,6200,D,04,D
20244,05672653,53,0,1,110,D,2,D,10,D,,A,,A,,A,2,D,,A,02,D
20244,05672733,39,0,1,110,D,2,D,09,D,,A,,A,,A,2,D,,A,02,D
20244,05672933,24,0,1,110,D,4,D,08,D,,A,25000,D,,A,1,D,17500,F,01,D
20244,05673113,40,0,1,100,D,1,D,10,D,3000,D,,A,,A,2,D,,A,02,D
20244,05673113,41,0,1,110,D,1,D,09,D,3500,D,,A,,A,2,D,,A,03,D
20244,05673113,42,0,1,125,D,1,D,10,D,6250,D,,A,,A,2,D,,A,04,D
20244,05673393,13,0,1,110,D,4,D,09,D,,A,3700,D,,A,2,D,,A,01,D
20244,05673483,30,0,2,100,D,2,D,08,D,,A,,A,,A,2,D,,A,01,D
20244,05673483,31,0,2,100,D,2,D,08,D,,A,,A,,A,2,D,,A,02,D
20244,05673863,42,0,1,100,D,1,D,09,D,200,D,,A,,A,2,D,,A,02,D
20244,05676573,42,0,1,100,D,2,D,10,D,,A,,A,,A,2,D,,A,02,D
20244,05676704,22,0,1,100,D,6,D,10,D,,A,,A,,A,,C,,A,01,D
20244,05677293,35,0,1,110,D,2,D,10,D,,A,,A,,A,2,D,,A,02,D
20244,05677743,40,0,1,100,D,3,D,11,D,,A,,A,,A,2,D,,A,01,D
20244,05678313,37,0,1,165,D,6,D,09,D,,A,,A,,A,2,D,,A,04,D
20244,05678433,49,0,2,100,D,1,D,09,D,2400,D,,A,,A,2,D,,A,04,D
20244,05680323,39,0,1,110,D,4,D,09,D,,A,4800,D,,A,2,D,,A,03,D
20244,05683413,21,0,1,110,D,4,D,09,D,,A,,A,,A,2,D,,A,01,D
20244,05683993,52,0,2,110,D,3,D,09,D,,A,,A,,A,2,D,,A,03,D
20244,05685703,11,0,2,110,D,6,D,09,D,,A,,A,,A,2,D,,A,01,D
20244,05686053,45,0,1,110,D,4,D,11,D,,A,15000,D,,A,2,D,,A,01,D
20244,05686993,59,0,1,150,D,4,D,11,D,,A,,A,,A,2,D,,A,07,D
20244,05687523,33,0,1,100,D,2,D,11,D,,A,,A,,A,2,D,,A,01,D
20244,05687583,35,0,2,100,D,3,D,09,D,,A,,A,,A,2,D,,A,03,D
20244,05688763,23,0,1,110,D,6,D,10,D,,A,,A,,A,2,D,,A,02,D
20244,05795622,29,0,1,110,D,1,D,09,D,6000,F,,A,,A,2,D,,A,01,D
20244,05795902,43,0,1,165,D,1,D,07,D,5000,F,,A,,A,2,D,,A,03,D
20244,05797362,27,0,1,100,D,,C,09,D,,A,,A,,A,,C,,A,02,D
20244,05797432,32,0,1,110,D,2,D,09,D,,A,,A,,A,1,D,,A,02,D
20244,05798762,44,0,2,100,D,3,D,07,D,,A,,A,,A,,C,,A,01,D
20244,05799262,34,0,1,100,D,3,D,09,D,,A,,A,,A,2,D,,A,03,D
20244,05800372,21,0,1,100,D,6,D,09,D,,A,,A,,A,1,D,23000,D,01,D
20244,05800622,18,0,1,100,D,2,D,09,D,,A,,A,,A,2,D,,A,01,D
20244,05800622,19,0,1,110,D,4,D,07,D,,A,10000,D,,A,2,D,,A,02,D
20244,05801102,18,0,1,100,D,1,D,07,D,400,D,,A,,A,2,D,,A,03,D
20244,05803192,15,0,1,100,D,3,D,08,D,,A,,A,,A,2,D,,A,02,D
20244,05803942,11,0,1,100,D,6,D,09,D,,A,,A,,A,2,D,,A,01,D
20244,05804102,15,0,1,150,D,4,D,08,D,,A,,A,,A,2,D,,A,01,D
20244,05804222,41,0,1,165,D,6,D,09,D,,A,,A,,A,2,D,,A,03,D
20244,05804692,37,0,1,110,D,1,D,08,D,2500,D,,A,,A,2,D,,A,04,D
20244,05806122,25,0,1,110,D,2,D,09,D,,A,,A,,A,2,D,,A,01,D
20244,05808082,28,0,1,110,D,1,D,09,D,7500,F,,A,,A,2,D,,A,02,D
20244,05808172,18,0,1,100,D,2,D,09,D,,A,,A,,A,2,D,,A,01,D
20244,05808642,72,0,1,165,D,6,D,08,D,,A,,A,,A,2,D,,A,03,D
20244,05809362,19,0,1,110,D,6,D,10,D,,A,,A,,A,2,D,,A,02,D
20244,05809812,29,0,1,100,D,1,D,09,D,14200,D,,A,,A,2,D,,A,01,D
20244,05810002,23,0,1,100,D,3,D,09,D,,A,,A,,A,2,D,,A,02,D
20244,05810592,14,0,1,100,D,3,D,10,D,,A,,A,,A,2,D,,A,01,D
20244,05811262,16,0,1,100,D,4,D,09,D,,A,,A,,A,2,D,,A,01,D
20244,05811262,17,0,1,100,D,6,D,10,D,,A,,A,,A,2,D,,A,02,D
20244,05811892,22,0,1,110,D,2,D,08,D,,A,,A,,A,2,D,,A,01,D
20244,05812382,13,0,1,100,D,6,D,09,D,,A,,A,,A,2,D,,A,01,D
20244,05812702,20,0,1,110,D,1,D,10,D,500,D,,A,,A,2,D,,A,02,D
20244,05813452,28,0,1,150,D,1,D,08,D,4000,D,,A,,A,2,D,,A,04,D
20244,05813562,12,0,1,110,D,6,D,09,D,,A,,A,,A,2,D,,A,01,D
20244,05813712,22,0,1,100,D,2,D,08,D,,A,,A,,A,1,D,5000,D,03,D
20244,05813992,42,0,1,110,D,2,D,10,D,,A,,A,,A,2,D,,A,02,D
20244,05814302,24,0,1,110,D,1,D,09,D,4000,D,,A,,A,2,D,,A,01,D
20244,05815732,54,0,2,165,D,3,D,08,D,,A,,A,,A,2,D,,A,03,D
20244,05815902,27,0,1,200,D,6,D,08,D,,A,,A,,A,2,D,,A,03,D
20244,05816372,23,0,1,200,D,1,D,10,D,2500,D,,A,,A,2,D,,A,07,D
20244,05817512,30,0,1,110,D,2,D,10,D,,A,,A,,A,1,D,,A,01,D
20244,05817552,29,0,1,110,D,2,D,08,D,,A,,A,,A,2,D,,A,02,D
20244,05818022,18,0,1,100,D,1,D,10,D,1000,D,,A,,A,2,D,,A,02,D
20244,05818192,14,0,1,110,D,2,D,08,D,,A,,A,,A,,C,,A,01,D
20244,05818242,52,0,2,150,D,1,D,08,D,5700,D,,A,,A,2,D,,A,05,D
20244,05818512,22,0,1,110,D,6,D,10,D,,A,,A,,A,2,D,,A,03,D
20244,05818582,28,0,1,200,D,1,D,08,D,3000,D,,A,,A,2,D,,A,02,D
20244,05820172,15,0,1,110,D,4,D,09,D,,A,2400,D,,A,2,D,,A,02,D
20244,05822162,52,0,1,110,D,1,D,11,D,26000,D,,A,,A,2,D,,A,02,D
20244,05822392,51,0,1,150,D,3,D,11,D,,A,,A,,A,,C,,A,10,D
20244,05824072,15,0,1,100,D,3,D,10,D,,A,,A,,A,2,D,,A,01,D
20244,05824202,31,0,1,100,D,2,D,11,D,,A,,A,,A,2,D,,A,01,D
20244,05824882,45,0,1,110,D,4,D,10,D,,A,18000,D,,A,2,D,,A,02,D
20244,05826802,28,0,1,110,D,2,D,10,D,,A,,A,,A,2,D,,A,01,D
20244,05827162,28,0,1,100,D,3,D,09,D,,A,,A,,A,2,D,,A,02,D
20244,05828522,28,0,1,110,D,2,D,11,D,,A,,A,,A,2,D,,A,02,D
20244,05828782,38,0,1,110,D,2,D,11,D,,A,,A,,A,1,D,12000,D,02,D
20244,05829722,11,0,1,100,D,6,D,10,D,,A,,A,,A,1,D,,A,01,D
20244,05829842,46,0,1,110,D,2,D,11,D,,A,,A,,A,2,D,,A,01,D
20244,05831131,14,0,1,110,D,3,D,08,D,,A,,A,,A,2,D,,A,01,D
20244,05832671,30,0,1,100,D,4,D,07,D,,A,8000,D,,A,1,D,,A,03,D
20244,05835931,30,0,1,100,D,1,D,09,D,2000,D,,A,,A,2,D,,A,03,D
20244,05837281,26,0,1,110,D,2,D,09,D,,A,,A,,A,2,D,,A,03,D
20244,05837441,53,0,1,100,D,1,D,07,D,2024,D,,A,,A,2,D,,A,07,D
20244,05837441,54,0,1,110,D,1,D,07,D,2000,D,,A,,A,2,D,,A,08,D
20244,05839251,33,0,1,200,D,1,D,07,D,1000,D,,A,,A,2,D,,A,06,D
20244,05839481,11,0,1,100,D,4,D,07,D,,A,,A,,A,2,D,,A,01,D
20244,05839631,21,0,1,100,D,4,D,07,D,,A,,A,46000,D,2,D,,A,03,D
20244,05839811,23,0,1,100,D,1,D,07,D,4500,F,,A,,A,2,D,,A,03,D
20244,05840241,13,0,1,100,D,3,D,09,D,,A,,A,,A,2,D,,A,01,D
20244,05842851,25,0,1,110,D,1,D,10,D,12500,D,,A,,A,2,D,,A,03,D
20244,05843641,20,0,1,100,D,4,D,09,D,,A,250,F,,A,2,D,,A,05,D
20244,05846031,28,0,1,110,D,1,D,08,D,2000,D,,A,,A,2,D,,A,07,D
20244,05847101,16,0,1,125,D,1,D,09,D,500,D,,A,,A,2,D,,A,04,D
20244,05848121,22,0,1,110,D,3,D,09,D,,A,,A,,A,2,D,,A,02,D
20244,05848151,38,0,1,100,D,2,D,10,D,,A,,A,,A,2,D,,A,03,D
20244,05850901,18,0,1,100,D,3,D,08,D,,A,,A,,A,2,D,,A,02,D
20244,05851281,31,0,1,110,D,1,D,10,D,1000,D,,A,,A,2,D,,A,02,D
20244,05851321,25,0,1,100,D,3,D,09,D,,A,,A,,A,2,D,,A,01,D
20244,05851991,27,0,1,110,D,1,D,09,D,300,D,,A,,A,2,D,,A,05,D
20244,05852301,27,0,1,100,D,1,D,08,D,21000,D,,A,,A,2,D,,A,04,D
20244,05852681,25,0,1,110,D,2,D,10,D,,A,,A,,A,2,D,,A,04,D
20244,05854751,18,0,1,110,D,6,D,11,D,,A,,A,,A,2,D,,A,02,D
20244,05857851,34,0,1,100,D,2,D,09,D,,A,,A,,A,2,D,,A,04,D
20244,05864441,16,0,1,110,D,3,D,09,D,,A,,A,,A,2,D,,A,03,D
20251,05655984,49,0,1,110,D,1,D,12,D,15000,D,,A,,A,2,D,,A,02,D
20251,05656204,25,0,1,100,D,4,D,11,D,,A,350,D,,A,2,D,,A,01,D
20251,05656714,12,0,1,110,D,1,D,11,D,13000,D,,A,,A,2,D,,A,01,D
20251,05657064,45,0,1,110,D,2,D,12,D,,A,,A,,A,2,D,,A,01,D
20251,05657134,37,0,1,110,D,1,D,10,D,500,D,,A,,A,2,D,,A,02,D
20251,05657184,36,0,1,100,D,4,D,11,D,,A,17200,D,,A,2,D,,A,02,D
20251,05657604,20,0,1,150,D,1,D,10,D,2000,D,,A,,A,2,D,,A,03,D
20251,05657814,38,0,1,100,D,6,D,10,D,,A,,A,,A,2,D,,A,03,D
20251,05659074,75,0,1,165,D,3,D,11,D,,A,,A,,A,2,D,,A,05,D
20251,05659644,32,0,1,165,D,1,D,11,D,4500,D,,A,,A,2,D,,A,04,D
20251,05659894,37,0,1,100,D,2,D,12,D,,A,,A,,A,2,D,,A,02,D
20251,05660904,51,0,1,110,D,1,D,10,D,5000,D,,A,,A,2,D,,A,03,D
20251,05660904,52,0,1,100,D,1,D,10,D,3000,D,,A,,A,2,D,,A,04,D
20251,05663114,83,0,1,125,D,1,D,12,D,25000,D,,A,,A,2,D,,A,05,D
20251,05663814,37,0,1,150,D,1,D,10,D,4000,F,,A,,A,2,D,,A,04,D
20251,05664114,29,0,1,100,D,6,D,11,D,,A,,A,,A,1,D,,A,03,D
20251,05665394,9,0,1,100,D,3,D,10,D,,A,,A,,A,2,D,,A,01,D
20251,05666524,27,0,1,110,D,3,D,01,D,,A,,A,,A,2,D,,A,03,D
20251,05666614,23,0,1,165,D,6,D,01,D,,A,,A,,A,2,D,,A,02,D
20251,05667754,31,0,1,110,D,2,D,12,D,,A,,A,,A,2,D,,A,01,D
20251,05667774,46,0,1,110,D,1,D,12,D,12000,D,,A,,A,2,D,,A,01,D
20251,05668234,45,0,1,150,D,1,D,11,D,5800,D,,A,,A,2,D,,A,03,D
20251,05669104,37,0,2,110,D,1,D,11,D,1700,D,,A,,A,2,D,,A,02,D
20251,05669354,16,0,1,100,D,6,D,12,D,,A,,A,,A,2,D,,A,01,D
20251,05669354,17,0,1,110,D,6,D,12,D,,A,,A,,A,2,D,,A,02,D
20251,05669754,18,0,1,110,D,1,D,12,D,2000,D,,A,,A,2,D,,A,02,D
20251,05670144,40,0,1,110,D,4,D,01,D,,A,7400,D,,A,2,D,,A,04,D
20251,05670144,41,0,1,165,D,6,D,01,D,,A,,A,,A,2,D,,A,06,D
20251,05670824,35,0,1,100,D,1,D,01,D,100,D,,A,,A,2,D,,A,01,D
20251,05670824,36,0,1,150,D,1,D,12,D,4000,D,,A,,A,2,D,,A,02,D
20251,05672734,38,0,1,110,D,2,D,01,D,,A,,A,,A,2,D,,A,01,D
20251,05675204,38,0,1,110,D,2,D,11,D,,A,,A,,A,1,D,2850,D,02,D
20251,05675964,46,0,1,100,D,1,D,01,D,10000,D,,A,,A,2,D,,A,02,D
20251,05676574,46,0,1,110,D,1,D,12,D,1000,D,,A,,A,2,D,,A,01,D
20251,05676574,47,0,1,110,D,2,D,11,D,,A,,A,,A,2,D,,A,03,D
20251,05676944,40,0,1,110,D,1,D,11,D,14500,D,,A,,A,2,D,,A,01,D
20251,05677594,25,0,1,100,D,4,D,01,D,,A,,A,,A,2,D,,A,02,D
20251,05678194,29,0,1,110,D,4,D,01,D,,A,650,D,,A,2,D,,A,01,D
20251,05680244,45,0,1,110,D,3,D,02,D,,A,,A,,A,2,D,,A,02,D
20251,05682084,14,0,1,100,D,1,D,01,D,3000,D,,A,,A,2,D,,A,01,D
20251,05682754,24,0,1,110,D,3,D,03,D,,A,,A,,A,2,D,,A,02,D
20251,05683394,44,0,1,100,D,2,D,01,D,,A,,A,,A,2,D,,A,01,D
20251,05683414,21,0,1,110,D,4,D,02,D,,A,,A,,A,2,D,,A,04,D
20251,05683564,36,0,1,110,D,1,D,12,D,4500,D,,A,,A,2,D,,A,02,D
20251,05683944,44,0,1,100,D,4,D,01,D,,A,5300,D,,A,2,D,,A,03,D
20251,05684344,20,0,1,100,D,3,D,02,D,,A,,A,,A,2,D,,A,01,D
20251,05684914,20,0,1,100,D,3,D,12,D,,A,,A,,A,2,D,,A,01,D
20251,05685274,22,0,1,200,D,3,D,01,D,,A,,A,,A,2,D,,A,02,D
20251,05685364,32,0,1,100,D,6,D,02,D,,A,,A,,A,2,D,,A,02,D
20251,05688164,26,0,1,100,D,4,D,01,D,,A,9000,F,,A,1,D,7000,F,02,D
20251,05688394,28,0,1,100,D,3,D,01,D,,A,,A,,A,2,D,,A,02,D
20251,05688924,21,0,1,110,D,1,D,12,D,500,D,,A,,A,2,D,,A,02,D
20251,05689054,23,0,1,125,D,1,D,12,D,4000,D,,A,,A,2,D,,A,03,D
20251,05795793,57,0,1,110,D,3,D,12,D,,A,,A,,A,2,D,,A,07,D
20251,05795793,58,0,1,100,D,3,D,11,D,,A,,A,,A,2,D,,A,08,D
20251,05796063,19,0,1,100,D,4,D,12,D,,A,6000,D,,A,2,D,,A,01,D
20251,05796633,32,0,1,110,D,4,D,11,D,,A,,A,,A,2,D,,A,01,D
20251,05796693,37,0,1,100,D,1,D,12,D,1500,D,,A,,A,2,D,,A,01,D
20251,05798483,33,0,1,110,D,2,D,11,D,,A,,A,,A,2,D,,A,01,D
20251,05799283,16,0,2,110,D,1,D,10,D,20000,D,,A,,A,2,D,,A,01,D
20251,05800653,29,0,1,100,D,4,D,10,D,,A,,A,2000,D,2,D,,A,01,D
20251,05800753,39,0,1,110,D,2,D,12,D,,A,,A,,A,2,D,,A,01,D
20251,05802523,15,0,1,110,D,2,D,12,D,,A,,A,,A,1,D,5000,D,01,D
20251,05802623,28,0,1,165,D,6,D,12,D,,A,,A,,A,2,D,,A,02,D
20251,05802933,58,0,1,110,D,2,D,11,D,,A,,A,,A,2,D,,A,01,D
20251,05802933,59,0,1,100,D,2,D,11,D,,A,,A,,A,2,D,,A,02,D
20251,05803853,29,0,1,110,D,3,D,12,D,,A,,A,,A,2,D,,A,01,D
20251,05803863,53,0,1,100,D,4,D,11,D,,A,10500,D,,A,2,D,,A,01,D
20251,05804033,38,0,1,100,D,2,D,10,D,,A,,A,,A,2,D,,A,02,D
20251,05804193,18,0,2,100,D,3,D,10,D,,A,,A,,A,2,D,,A,01,D
20251,05805093,19,0,1,100,D,1,D,10,D,200,D,,A,,A,2,D,,A,01,D
20251,05805503,21,0,1,110,D,2,D,12,D,,A,,A,,A,2,D,,A,01,D
20251,05806653,42,0,1,100,D,6,D,12,D,,A,,A,,A,2,D,,A,02,D
20251,05807583,66,0,1,110,D,1,D,12,D,22000,D,,A,,A,2,D,,A,01,D
20251,05809363,23,0,2,100,D,1,D,11,D,400,D,,A,,A,2,D,,A,01,D
20251,05809383,42,0,1,110,D,2,D,11,D,,A,,A,,A,2,D,,A,03,D
20251,05810883,33,0,1,165,D,6,D,11,D,,A,,A,,A,2,D,,A,03,D
20251,05810883,34,0,1,110,D,1,D,12,D,22000,F,,A,,A,2,D,,A,04,D
20251,05810973,31,0,1,110,D,4,D,01,D,,A,,A,8000,D,1,D,,A,03,D
20251,05811283,44,0,1,100,D,2,D,12,D,,A,,A,,A,2,D,,A,02,D
20251,05812413,37,0,1,110,D,4,D,11,D,,A,24000,D,,A,1,D,10000,D,01,D
20251,05812673,17,0,1,100,D,4,D,11,D,,A,9000,D,,A,1,D,7000,D,01,D
20251,05813613,23,0,1,100,D,2,D,12,D,,A,,A,,A,2,D,,A,01,D
20251,05816143,43,0,1,110,D,4,D,01,D,,A,7400,F,,A,2,D,,A,01,D
20251,05816273,40,0,1,100,D,1,D,12,D,32000,F,,A,,A,2,D,,A,03,D
20251,05817693,15,0,1,100,D,6,D,12,D,,A,,A,,A,2,D,,A,01,D
20251,05818293,33,0,1,110,D,1,D,12,D,1300,D,,A,,A,2,D,,A,02,D
20251,05819213,39,0,1,100,D,1,D,01,D,6750,D,,A,,A,2,D,,A,04,D
20251,05819543,43,0,1,100,D,6,D,01,D,,A,,A,,A,2,D,,A,03,D
20251,05819693,45,0,1,110,D,4,D,12,D,,A,9800,D,,A,2,D,,A,01,D
20251,05820153,31,0,1,110,D,2,D,01,D,,A,,A,,A,1,D,,A,01,D
20251,05820953,37,0,1,100,D,1,D,12,D,2500,D,,A,,A,2,D,,A,02,D
20251,05821033,20,0,1,110,D,6,D,01,D,,A,,A,,A,1,D,750,D,02,D
20251,05822333,36,0,1,100,D,6,D,12,D,,A,,A,,A,2,D,,A,03,D
20251,05823233,24,0,1,100,D,1,D,12,D,350,D,,A,,A,2,D,,A,02,D
20251,05823433,31,0,1,100,D,3,D,12,D,,A,,A,,A,2,D,,A,01,D
20251,05824873,19,0,1,100,D,1,D,01,D,9000,D,,A,,A,2,D,,A,01,D
20251,05824933,16,0,1,100,D,3,D,01,D,,A,,A,,A,2,D,,A,01,D
20251,05824983,34,0,1,100,D,2,D,12,D,,A,,A,,A,2,D,,A,02,D
20251,05825213,11,0,1,100,D,2,D,02,D,,A,,A,,A,2,D,,A,01,D
20251,05825763,34,0,1,110,D,2,D,02,D,,A,,A,,A,2,D,,A,01,D
20251,05825813,35,0,1,100,D,6,D,12,D,,A,,A,,A,2,D,,A,02,D
20251,05825813,36,0,1,110,D,6,D,12,D,,A,,A,,A,2,D,,A,04,D
20251,05827033,47,0,1,110,D,3,D,01,D,,A,,A,,A,2,D,,A,01,D
20251,05827243,26,0,1,100,D,4,D,01,D,,A,6000,D,,A,2,D,,A,01,D
20251,05828903,25,0,1,110,D,6,D,12,D,,A,,A,,A,2,D,,A,01,D
20251,05828903,26,0,1,110,D,6,D,12,D,,A,,A,,A,2,D,,A,02,D
20251,05829253,19,0,1,100,D,2,D,02,D,,A,,A,,A,2,D,,A,01,D
20251,05829293,11,0,1,110,D,,C,02,D,,A,,A,,A,,C,,A,01,D
20251,05830342,21,0,1,100,D,2,D,12,D,,A,,A,,A,2,D,,A,01,D
20251,05830702,32,0,1,110,D,3,D,12,D,,A,,A,,A,2,D,,A,01,D
20251,05832752,29,0,1,110,D,6,D,12,D,,A,,A,,A,2,D,,A,03,D
20251,05833182,42,0,1,100,D,2,D,12,D,,A,,A,,A,2,D,,A,01,D
20251,05833872,11,0,1,110,D,1,D,11,D,3000,D,,A,,A,2,D,,A,01,D
20251,05834442,10,0,1,100,D,6,D,10,D,,A,,A,,A,1,D,,A,01,D
20251,05836372,28,0,1,100,D,4,D,11,D,,A,5300,F,,A,2,D,,A,04,D
20251,05837892,49,0,1,100,D,4,D,10,D,,A,7000,D,,A,2,D,,A,03,D
20251,05838702,62,0,1,100,D,1,D,11,D,6000,D,,A,,A,2,D,,A,04,D
20251,05839212,36,0,1,110,D,1,D,11,D,500,D,,A,,A,2,D,,A,03,D
20251,05839632,30,0,1,100,D,1,D,11,D,24000,D,,A,,A,1,D,22000,D,01,D
20251,05841092,18,0,1,100,D,4,D,10,D,,A,,A,,A,2,D,,A,01,D
20251,05842772,46,0,2,110,D,1,D,11,D,2200,D,,A,,A,2,D,,A,04,D
20251,05842772,47,0,2,110,D,1,D,11,D,8500,D,,A,,A,2,D,,A,05,D
20251,05843492,34,0,1,100,D,4,D,12,D,,A,,A,,A,2,D,,A,03,D
20251,05844312,49,0,1,100,D,4,D,12,D,,A,15000,D,,A,2,D,,A,02,D
20251,05844312,50,0,1,100,D,3,D,12,D,,A,,A,,A,2,D,,A,04,D
20251,05845532,37,0,1,110,D,4,D,01,D,,A,,A,,A,1,D,,A,02,D
20251,05845792,47,0,2,100,D,1,D,11,D,4250,D,,A,,A,2,D,,A,03,D
20251,05845972,23,0,1,100,D,2,D,12,D,,A,,A,,A,2,D,,A,01,D
20251,05846032,35,0,1,165,D,6,D,12,D,,A,,A,,A,,C,,A,06,D
20251,05846832,17,0,1,100,D,1,D,11,D,1000,D,,A,,A,2,D,,A,01,D
20251,05846922,16,0,1,100,D,1,D,12,D,3000,D,,A,,A,2,D,,A,02,D
20251,05847212,63,0,1,100,D,1,D,12,D,32000,D,,A,,A,1,D,17300,D,02,D
20251,05847212,64,0,1,110,D,1,D,11,D,12500,D,,A,,A,2,D,,A,03,D
20251,05847752,60,0,1,100,D,1,D,12,D,3400,D,,A,,A,2,D,,A,04,D
20251,05848014,21,0,1,110,D,2,D,01,D,,A,,A,,A,1,D,,A,01,D
20251,05849322,17,0,1,110,D,1,D,01,D,2000,F,,A,,A,2,D,,A,01,D
20251,05851252,12,0,1,110,D,6,D,01,D,,A,,A,,A,2,D,,A,01,D
20251,05851462,29,0,1,110,D,4,D,12,D,,A,,A,,A,1,D,,A,02,D
20251,05851962,47,0,1,100,D,2,D,12,D,,A,,A,,A,2,D,,A,01,D
20251,05852412,29,0,1,100,D,1,D,11,D,14000,D,,A,,A,2,D,,A,01,D
20251,05853082,29,0,1,110,D,2,D,12,D,,A,,A,,A,2,D,,A,01,D
20251,05853592,14,0,1,100,D,1,D,01,D,1,D,,A,,A,2,D,,A,01,D
20251,05853892,63,0,2,110,D,1,D,12,D,6000,D,,A,,A,2,D,,A,10,D
20251,05854512,43,0,1,110,D,1,D,02,D,400,D,,A,,A,2,D,,A,03,D
20251,05854734,8,0,1,110,D,1,D,01,D,3000,D,,A,,A,2,D,,A,01,D
20251,05855232,17,0,1,110,D,3,D,01,D,,A,,A,,A,2,D,,A,02,D
20251,05857762,21,0,1,165,D,6,D,12,D,,A,,A,,A,2,D,,A,04,D
20251,05857852,39,0,1,110,D,2,D,12,D,,A,,A,,A,2,D,,A,01,D
20251,05858752,29,0,1,110,D,4,D,02,D,,A,,A,8000,F,2,D,,A,01,D
20251,05859562,34,0,1,100,D,4,D,02,D,,A,,A,2000,F,2,D,,A,05,D
20251,05860362,25,0,1,110,D,1,D,02,D,22500,D,,A,,A,2,D,,A,01,D
20251,05861682,46,0,1,110,D,1,D,02,D,100,D,,A,,A,2,D,,A,02,D
20251,05863242,13,0,1,100,D,1,D,01,D,375,D,,A,,A,2,D,,A,01,D
20251,05863302,34,0,1,110,D,2,D,12,D,,A,,A,,A,2,D,,A,03,D
20251,05863492,32,0,1,110,D,1,D,01,D,2000,D,,A,,A,2,D,,A,01,D
20251,05863542,22,0,1,110,D,4,D,12,D,,A,,A,,A,2,D,,A,01,D
20251,05865142,29,0,2,110,D,2,D,12,D,,A,,A,,A,1,D,6000,D,04,D
20251,05865392,32,0,1,100,D,1,D,02,D,9100,D,,A,,A,2,D,,A,01,D
20251,05896921,30,0,1,110,D,3,D,10,D,,A,,A,,A,2,D,,A,03,D
20251,05897854,27,0,1,110,D,1,D,12,D,2024,D,,A,,A,2,D,,A,04,D
20251,05898051,19,0,1,150,D,1,D,11,D,8500,D,,A,,A,1,D,10800,D,02,D
20251,05898473,31,0,1,100,D,1,D,12,D,10500,D,,A,,A,2,D,,A,04,D
20251,05901521,28,0,1,100,D,1,D,12,D,15400,D,,A,,A,2,D,,A,04,D
20251,05902021,24,0,1,100,D,1,D,11,D,3500,D,,A,,A,2,D,,A,03,D
20251,05902601,36,0,1,110,D,3,D,10,D,,A,,A,,A,2,D,,A,04,D
20251,05902601,37,0,1,110,D,3,D,12,D,,A,,A,,A,2,D,,A,05,D
20251,05902881,32,0,1,110,D,6,D,12,D,,A,,A,,A,2,D,,A,02,D
20251,05903721,22,0,1,100,D,1,D,10,D,19000,D,,A,,A,2,D,,A,03,D
20251,05904161,21,0,1,110,D,2,D,10,D,,A,,A,,A,1,D,,A,03,D
20251,05905451,25,0,1,110,D,4,D,10,D,,A,15000,D,,A,1,D,13000,D,03,D
20251,05907091,18,0,1,100,D,1,D,10,D,1000,D,,A,,A,2,D,,A,01,D
20251,05958501,22,0,1,100,D,1,D,11,D,21000,D,,A,,A,2,D,,A,04,D
20251,05960721,34,0,1,110,D,2,D,12,D,,A,,A,,A,2,D,,A,02,D
20251,05962501,29,0,1,110,D,1,D,11,D,12000,D,,A,,A,2,D,,A,02,D
20251,05971221,24,0,1,110,D,1,D,02,D,48000,D,,A,,A,1,D,,A,02,D
20251,05972481,15,0,1,110,D,3,D,01,D,,A,,A,,A,2,D,,A,03,D
20251,05973051,18,0,1,110,D,3,D,12,D,,A,,A,,A,2,D,,A,02,D
20251,05976911,27,0,1,100,D,4,D,12,D,,A,,A,,A,2,D,,A,03,D
20251,05980391,29,0,1,100,D,2,D,02,D,,A,,A,,A,2,D,,A,04,D
20251,05980731,36,0,1,110,D,1,D,01,D,10000,D,,A,,A,2,D,,A,03,D
