QYEAR,NEWID,MEMBNO,SEQNO,ALCNO,REC_ORIG,PBTPD,PBTPD_,PBTDAYX,PBTDAYX_,JPBTAMTX,JPBT_MTX
20241,05286344,2,28,0,1,2,D,,A,390,D
20241,05286344,3,29,0,1,2,D,,A,390,D
20241,05287664,1,9,0,1,3,D,,A,450,D
20241,05287774,1,28,0,1,3,D,,A,45,D
20241,05288334,1,12,0,1,3,D,,A,150,D
20241,05288624,1,7,0,1,2,D,,A,520,D
20241,05288944,1,13,0,1,3,D,,A,399,D
20241,05289264,1,7,0,1,3,D,,A,210,D
20241,05289764,1,32,0,1,7,D,,A,20,D
20241,05289764,2,33,0,1,7,D,,A,20,D
20241,05290244,1,39,0,1,7,D,,A,20,D
20241,05290424,2,31,0,1,2,D,,A,91,D
20241,05290544,1,10,0,1,3,D,,A,90,D
20241,05290624,1,14,0,1,3,D,,A,105,D
20241,05290964,1,13,0,1,4,D,,A,200,D
20241,05291094,1,30,0,1,,A,,A,208,F
20241,05291094,3,31,0,1,2,D,,A,221,D
20241,05291094,4,32,0,1,2,D,,A,221,D
20241,05291094,5,33,0,1,2,D,,A,299,D
20241,05291754,1,23,0,1,3,D,,A,855,D
20241,05291884,1,10,0,1,3,D,,A,90,D
20241,05292544,1,73,0,1,4,D,,A,80,D
20241,05293604,1,32,0,1,7,D,,A,45,D
20241,05293604,2,33,0,1,7,D,,A,45,D
20241,05294084,1,34,0,1,2,D,,A,78,D
20241,05294084,3,35,0,1,2,D,,A,364,D
20241,05294924,1,47,0,1,3,D,,A,30,D
20241,05294924,2,48,0,1,3,D,,A,30,D
20241,05294924,3,49,0,1,3,D,,A,30,D
20241,05294924,4,50,0,1,3,D,,A,30,D
20241,05296424,1,11,0,1,2,D,,A,442,D
20241,05296424,2,12,0,1,2,D,,A,442,D
20241,05296424,4,13,0,1,2,D,,A,442,D
20241,05296644,1,36,0,1,3,D,,A,150,D
20241,05296644,2,37,0,1,3,D,,A,300,D
20241,05296684,1,8,0,1,3,D,,A,75,D
20241,05296774,1,23,0,1,3,D,,A,60,D
20241,05296774,3,24,0,1,3,D,,A,60,D
20241,05297124,1,5,0,1,2,D,,A,78,D
20241,05297544,1,25,0,1,7,D,,A,300,D
20241,05297544,2,26,0,1,7,D,,A,300,D
20241,05297544,5,27,0,1,7,D,,A,300,D
20241,05297544,6,28,0,1,7,D,,A,300,D
20241,05344084,1,38,0,1,4,D,,A,100,D
20241,05345034,1,5,0,1,2,D,,A,260,D
20241,05345414,1,8,0,1,1,D,3,D,234,D
20241,05345484,2,41,0,1,2,D,,A,1040,D
20241,05345594,1,6,0,1,3,D,,A,60,D
20241,05346864,1,29,0,1,3,D,,A,600,D
20241,05346864,2,30,0,1,3,D,,A,300,D
20241,05347964,1,18,0,1,3,D,,A,393,D
20241,05347964,2,19,0,1,3,D,,A,393,D
20241,05348074,1,29,0,1,4,D,,A,100,D
20241,05348424,2,21,0,1,7,D,,A,135,D
20241,05349054,1,10,0,1,3,D,,A,60,D
20241,05349264,1,7,0,1,3,D,,A,540,D
20241,05349814,1,9,0,1,2,D,,A,806,D
20241,05349884,1,38,0,1,4,D,,A,25,D
20241,05350734,1,12,0,1,3,D,,A,30,D
20241,05351304,1,21,0,1,2,D,,A,1300,D
20241,05351474,1,23,0,1,3,D,,A,90,D
20241,05351474,3,24,0,1,3,D,,A,180,D
20241,05351474,4,25,0,1,3,D,,A,180,D
20241,05351684,2,17,0,1,3,D,,A,45,D
20241,05351964,3,51,0,1,4,D,,A,200,D
20241,05352224,3,34,0,1,3,D,,A,60,D
20241,05353014,1,14,0,1,2,D,,A,364,D
20241,05353334,3,43,0,1,3,D,,A,90,D
20241,05354194,1,30,0,1,7,D,,A,30,D
20241,05354194,2,31,0,1,7,D,,A,30,D
20241,05354494,3,44,0,1,4,D,,A,144,D
20241,05354674,1,25,0,1,3,D,,A,30,D
20241,05354984,1,21,0,1,3,D,,A,18,D
20241,05355034,1,35,0,1,7,D,,A,12,D
20241,05355194,1,10,0,1,3,D,,A,30,D
20241,05355194,2,11,0,1,3,D,,A,30,D
20241,05355604,1,43,0,1,7,D,,A,10,D
20241,05356254,1,33,0,1,1,D,3,D,585,D
20241,05356594,1,12,0,1,4,D,,A,20,D
20241,05358004,1,28,0,1,7,D,,A,9,D
20241,05358244,1,12,0,1,3,D,,A,285,D
20241,05359064,1,47,0,1,4,D,,A,10,D
20241,05359214,1,38,0,1,7,D,,A,60,D
20241,05360604,1,25,0,1,3,D,,A,450,D
20241,05360844,1,39,0,1,7,D,,A,700,D
20241,05361474,1,25,0,1,7,D,,A,7,D
20241,05361754,1,13,0,1,3,D,,A,75,D
20241,05361994,1,21,0,1,6,D,,A,208,D
20241,05362054,1,35,0,1,3,D,,A,300,D
20241,05363764,1,20,0,1,3,D,,A,45,D
20241,05364354,3,34,0,1,3,D,,A,90,D
20241,05364494,1,16,0,1,3,D,,A,60,D
20241,05364804,1,12,0,1,3,D,,A,270,D
20241,05365464,1,5,0,1,2,D,,A,429,D
20241,05365464,3,6,0,1,2,D,,A,429,D
20241,05365634,3,30,0,1,3,D,,A,240,D
20241,05366344,1,30,0,1,7,D,,A,40,D
20241,05366504,1,20,0,1,7,D,,A,3,D
20241,05366814,1,26,0,1,4,D,,A,5,D
20241,05366814,2,27,0,1,4,D,,A,5,D
20241,05411963,2,33,0,1,1,D,5,D,650,D
20241,05412023,1,6,0,1,2,D,,A,390,D
20241,05412053,1,18,0,1,7,D,,A,15,D
20241,05412303,2,24,0,1,3,D,,A,396,D
20241,05412343,1,18,0,1,3,D,,A,15,D
20241,05412343,2,19,0,1,3,D,,A,6,D
20241,05412683,1,26,0,1,3,D,,A,21,D
20241,05412683,2,27,0,1,,A,,A,240,F
20241,05413213,1,14,0,1,3,D,,A,660,D
20241,05413533,2,9,0,1,3,D,,A,120,D
20241,05414103,1,9,0,1,3,D,,A,96,D
20241,05414763,1,20,0,1,3,D,,A,90,D
20241,05415293,1,22,0,1,7,D,,A,90,D
20241,05416353,1,14,0,1,3,D,,A,120,D
20241,05416353,3,15,0,1,3,D,,A,120,D
20241,05416533,1,18,0,1,3,D,,A,45,D
20241,05417733,1,37,0,1,7,D,,A,100,D
20241,05417963,2,13,0,1,2,D,,A,234,D
20241,05417963,5,14,0,1,2,D,,A,455,D
20241,05420153,1,35,0,1,7,D,,A,2,D
20241,05420173,1,32,0,1,4,D,,A,23,D
20241,05420393,1,13,0,1,3,D,,A,408,D
20241,05421253,1,7,0,1,2,D,,A,520,D
20241,05421463,1,28,0,1,7,D,,A,4,D
20241,05421463,2,29,0,1,7,D,,A,4,D
20241,05421723,1,58,0,1,3,D,,A,48,D
20241,05421723,2,59,0,1,3,D,,A,48,D
20241,05422043,1,13,0,1,3,D,,A,390,D
20241,05422233,1,7,0,1,2,D,,A,221,D
20241,05422233,2,8,0,1,2,D,,A,221,D
20241,05422433,2,37,0,1,7,D,,A,18,D
20241,05422833,1,5,0,1,2,D,,A,325,D
20241,05423503,2,43,0,1,7,D,,A,23,D
20241,05423863,1,32,0,1,7,D,,A,31,D
20241,05423863,2,33,0,1,7,D,,A,31,D
20241,05424003,1,24,0,1,3,D,,A,30,D
20241,05424033,1,65,0,1,4,D,,A,30,D
20241,05424033,2,66,0,1,4,D,,A,30,D
20241,05424053,3,21,0,1,1,D,5,D,325,D
20241,05424353,1,11,0,1,2,D,,A,390,D
20241,05424573,2,60,0,1,4,D,,A,15,D
20241,05424613,1,7,0,1,3,D,,A,600,D
20241,05424613,2,8,0,1,3,D,,A,600,D
20241,05424613,3,9,0,1,3,D,,A,600,D
20241,05424613,4,10,0,1,3,D,,A,600,D
20241,05424903,1,22,0,1,4,D,,A,40,D
20241,05425753,1,12,0,1,2,D,,A,104,D
20241,05425963,2,28,0,1,1,D,5,D,715,D
20241,05426583,1,15,0,1,7,D,,A,15,D
20241,05427013,1,20,0,1,2,D,,A,117,D
20241,05427283,1,9,0,1,3,D,,A,210,D
20241,05427283,2,10,0,1,3,D,,A,141,D
20241,05427433,1,31,0,1,3,D,,A,60,D
20241,05427433,2,32,0,1,3,D,,A,30,D
20241,05428173,1,32,0,1,3,D,,A,300,D
20241,05428543,1,28,0,1,7,D,,A,10,D
20241,05428543,2,29,0,1,7,D,,A,10,D
20241,05428803,1,48,0,1,7,D,,A,20,D
20241,05428813,2,21,0,1,3,D,,A,90,D
20241,05428853,1,50,0,1,3,D,,A,30,D
20241,05428973,1,30,0,1,3,D,,A,507,D
20241,05429153,2,22,0,1,3,D,,A,90,D
20241,05429243,2,19,0,1,2,D,,A,156,D
20241,05429243,5,20,0,1,2,D,,A,156,D
20241,05429493,1,46,0,1,3,D,,A,150,D
20241,05429493,2,47,0,1,7,D,,A,6,D
20241,05429493,3,48,0,1,3,D,,A,150,D
20241,05429673,1,35,0,1,7,D,,A,80,D
20241,05429673,3,36,0,1,7,D,,A,80,D
20241,05429743,1,13,0,1,7,D,,A,8,D
20241,05429793,1,21,0,1,7,D,,A,3,D
20241,05429993,1,9,0,1,3,D,,A,162,D
20241,05430183,2,43,0,1,3,D,,A,459,D
20241,05430193,1,22,0,1,2,D,,A,130,D
20241,05430193,2,23,0,1,2,D,,A,65,D
20241,05430243,1,44,0,1,4,D,,A,10,D
20241,05430243,2,45,0,1,4,D,,A,10,D
20241,05430353,1,22,0,1,3,D,,A,30,D
20241,05430353,2,23,0,1,3,D,,A,30,D
20241,05430623,1,18,0,1,3,D,,A,300,D
20241,05430733,1,13,0,1,7,D,,A,10,D
20241,05432493,1,22,0,1,1,D,2,D,104,D
20241,05432653,1,51,0,1,7,D,,A,5,D
20241,05432863,1,7,0,1,2,D,,A,390,D
20241,05432933,1,49,0,1,3,D,,A,174,D
20241,05432933,2,50,0,1,3,D,,A,300,D
20241,05432933,3,51,0,1,3,D,,A,30,D
20241,05432973,1,6,0,1,3,D,,A,300,D
20241,05432973,2,7,0,1,3,D,,A,300,D
20241,05432973,3,8,0,1,3,D,,A,300,D
20241,05432973,4,9,0,1,3,D,,A,300,D
20241,05433663,4,62,0,1,2,D,,A,182,D
20241,05434363,1,10,0,1,3,D,,A,90,D
20241,05434363,2,11,0,1,3,D,,A,240,D
20241,05434533,1,69,0,1,4,D,,A,7,D
20241,05434693,1,27,0,1,7,D,,A,2,D
20241,05434803,1,7,0,1,3,D,,A,60,D
20241,05434863,1,21,0,1,2,D,,A,195,D
20241,05434863,2,22,0,1,2,D,,A,195,D
20241,05436043,2,27,0,1,7,D,,A,90,D
20241,05436123,1,17,0,1,3,D,,A,150,D
20241,05436443,1,27,0,1,7,D,,A,100,D
20241,05436443,2,28,0,1,7,D,,A,100,D
20241,05436733,1,8,0,1,3,D,,A,174,D
20241,05436983,1,39,0,1,,A,,A,164,F
20241,05436983,2,40,0,1,,A,,A,164,F
20241,05436983,3,41,0,1,,A,,A,164,F
20241,05437063,1,10,0,1,2,D,,A,455,D
20241,05438443,1,47,0,1,1,D,1,D,78,D
20241,05438953,1,31,0,1,1,D,5,D,910,D
20241,05439233,1,7,0,1,3,D,,A,330,D
20241,05439453,1,23,0,1,2,D,,A,325,D
20241,05439453,2,24,0,1,1,D,5,D,390,D
20241,05439593,1,12,0,1,7,D,,A,78,D
20241,05439743,2,26,0,1,3,D,,A,108,D
20241,05439943,1,29,0,1,4,D,,A,17,D
20241,05439943,2,30,0,1,4,D,,A,17,D
20241,05440203,1,6,0,1,,A,,A,164,F
20241,05440923,1,6,0,1,4,D,,A,40,D
20241,05442583,1,15,0,1,4,D,,A,10,D
20241,05443393,1,12,0,1,3,D,,A,96,D
20241,05443543,1,8,0,1,3,D,,A,240,D
20241,05443543,2,9,0,1,3,D,,A,210,D
20241,05443543,3,10,0,1,3,D,,A,210,D
20241,05444693,1,4,0,1,3,D,,A,300,D
20241,05445663,1,23,0,1,3,D,,A,255,D
20241,05445803,4,21,0,1,2,D,,A,624,D
20241,05445983,2,28,0,1,3,D,,A,300,D
20241,05446203,1,14,0,1,2,D,,A,260,D
20241,05538182,1,19,0,1,3,D,,A,225,D
20241,05538982,1,22,0,1,7,D,,A,10,D
20241,05538982,2,23,0,1,7,D,,A,10,D
20241,05539052,1,15,0,1,2,D,,A,65,D
20241,05539052,2,16,0,1,2,D,,A,65,D
20241,05539792,1,21,0,1,4,D,,A,30,D
20241,05539792,2,22,0,1,4,D,,A,30,D
20241,05539792,3,23,0,1,4,D,,A,30,D
20241,05540302,1,12,0,1,1,D,5,D,390,D
20241,05540592,1,6,0,1,1,D,5,D,195,D
20241,05541622,1,40,0,1,7,D,,A,36,D
20241,05541622,2,41,0,1,7,D,,A,36,D
20241,05541692,1,43,0,1,3,D,,A,48,D
20241,05542072,31,47,0,1,4,D,,A,48,D
20241,05542452,1,30,0,1,7,D,,A,6,D
20241,05542622,1,26,0,1,3,D,,A,300,D
20241,05542662,1,10,0,1,3,D,,A,150,D
20241,05542782,1,42,0,1,7,D,,A,15,D
20241,05543222,1,8,0,1,3,D,,A,45,D
20241,05544462,1,42,0,1,,A,,A,164,F
20241,05544652,1,70,0,1,4,D,,A,50,D
20241,05545652,1,18,0,1,3,D,,A,36,D
20241,05546092,1,12,0,1,3,D,,A,150,D
20241,05546162,1,17,0,1,3,D,,A,120,D
20241,05546162,2,18,0,1,3,D,,A,120,D
20241,05546362,1,6,0,1,7,D,,A,10,D
20241,05546512,1,23,0,1,3,D,,A,90,D
20241,05546512,2,24,0,1,3,D,,A,60,D
20241,05546782,1,20,0,1,1,D,6,D,390,D
20241,05546822,1,47,0,1,7,D,,A,60,D
20241,05546822,2,48,0,1,7,D,,A,60,D
20241,05546822,31,49,0,1,7,D,,A,60,D
20241,05547382,1,53,0,1,7,D,,A,50,D
20241,05547382,2,54,0,1,,A,,A,154,F
20241,05547382,3,55,0,1,,A,,A,154,F
20241,05547552,1,6,0,1,3,D,,A,240,D
20241,05547692,1,10,0,1,3,D,,A,60,D
20241,05547692,4,11,0,1,3,D,,A,60,D
20241,05548022,7,25,0,1,1,D,5,D,975,D
20241,05548432,1,4,0,1,2,D,,A,325,D
20241,05548432,2,5,0,1,2,D,,A,325,D
20241,05548432,3,6,0,1,2,D,,A,325,D
20241,05548902,31,51,0,1,7,D,,A,35,D
20241,05549292,1,9,0,1,2,D,,A,130,D
20241,05549302,1,7,0,1,3,D,,A,240,D
20241,05549362,2,40,0,1,7,D,,A,25,D
20241,05549362,3,41,0,1,7,D,,A,25,D
20241,05549822,1,39,0,1,3,D,,A,90,D
20241,05549822,2,40,0,1,3,D,,A,90,D
20241,05550102,1,27,0,1,4,D,,A,210,D
20241,05550612,2,45,0,1,3,D,,A,120,D
20241,05550872,1,14,0,1,3,D,,A,210,D
20241,05551602,1,24,0,1,7,D,,A,170,D
20241,05551982,1,40,0,1,7,D,,A,40,D
20241,05552292,1,23,0,1,4,D,,A,30,D
20241,05552902,1,12,0,1,3,D,,A,9,D
20241,05552942,1,22,0,1,7,D,,A,30,D
20241,05552962,5,26,0,1,3,D,,A,1050,D
20241,05553432,1,9,0,1,4,D,,A,56,D
20241,05553683,1,15,0,1,2,D,,A,26,D
20241,05555082,1,27,0,1,3,D,,A,24,D
20241,05555382,1,6,0,1,3,D,,A,12,D
20241,05555382,2,7,0,1,3,D,,A,12,D
20241,05556412,1,18,0,1,2,D,,A,260,D
20241,05556782,1,11,0,1,2,D,,A,442,D
20241,05556924,1,25,0,1,3,D,,A,300,D
20241,05556924,2,26,0,1,3,D,,A,450,D
20241,05556924,3,27,0,1,3,D,,A,45,D
20241,05556924,4,28,0,1,3,D,,A,150,D
20241,05557232,1,11,0,1,3,D,,A,90,D
20241,05557562,1,15,0,1,3,D,,A,150,D
20241,05557562,2,16,0,1,3,D,,A,150,D
20241,05557872,1,72,0,1,7,D,,A,5,D
20241,05557872,2,73,0,1,7,D,,A,5,D
20241,05557872,3,74,0,1,7,D,,A,5,D
20241,05557872,4,75,0,1,7,D,,A,5,D
20241,05557872,5,76,0,1,7,D,,A,5,D
20241,05558232,1,7,0,1,2,D,,A,104,D
20241,05558922,1,28,0,1,3,D,,A,120,D
20241,05559012,1,16,0,1,3,D,,A,402,D
20241,05560112,1,5,0,1,2,D,,A,195,D
20241,05560342,1,5,0,1,4,D,,A,120,D
20241,05560542,1,6,0,1,2,D,,A,390,D
20241,05561462,1,27,0,1,5,D,,A,30,D
20241,05561632,1,13,0,1,3,D,,A,204,D
20241,05561632,2,14,0,1,3,D,,A,30,D
20241,05561832,1,38,0,1,4,D,,A,250,D
20241,05561872,1,5,0,1,,A,,A,182,F
20241,05561872,2,6,0,1,,A,,A,182,F
20241,05561892,1,32,0,1,3,D,,A,15,D
20241,05561892,2,33,0,1,3,D,,A,15,D
20241,05562422,1,18,0,1,2,D,,A,195,D
20241,05562422,3,19,0,1,2,D,,A,195,D
20241,05562482,1,12,0,1,3,D,,A,219,D
20241,05562882,1,17,0,1,7,D,,A,3,D
20241,05563172,1,23,0,1,,A,,A,164,F
20241,05563992,2,44,0,1,2,D,,A,312,D
20241,05564222,1,13,0,1,4,D,,A,20,D
20241,05565072,1,15,0,1,4,D,,A,10,D
20241,05565292,1,6,0,1,3,D,,A,90,D
20241,05565732,1,12,0,1,2,D,,A,325,D
20241,05565732,2,13,0,1,2,D,,A,195,D
20241,05565732,3,14,0,1,2,D,,A,195,D
20241,05565772,1,14,0,1,4,D,,A,400,D
20241,05565942,1,38,0,1,7,D,,A,20,D
20241,05567392,1,24,0,1,3,D,,A,90,D
20241,05567392,2,25,0,1,3,D,,A,30,D
20241,05567612,1,6,0,1,2,D,,A,416,D
20241,05568572,4,38,0,1,7,D,,A,5,D
20241,05568662,1,13,0,1,3,D,,A,36,D
20241,05569212,1,7,0,1,,A,,A,182,F
20241,05569272,1,21,0,1,3,D,,A,93,D
20241,05569382,1,6,0,1,1,D,2,D,156,D
20241,05569612,1,14,0,1,2,D,,A,247,D
20241,05569612,2,15,0,1,2,D,,A,195,D
20241,05570042,1,7,0,1,2,D,,A,65,D
20241,05570152,2,33,0,1,7,D,,A,300,D
20241,05570414,1,33,0,1,7,D,,A,600,D
20241,05570702,1,18,0,1,3,D,,A,300,D
20241,05570702,3,19,0,1,3,D,,A,150,D
20241,05570922,1,6,0,1,6,D,,A,200,D
20241,05571082,1,10,0,1,4,D,,A,100,D
20241,05571542,1,77,0,1,7,D,,A,26,D
20241,05572722,1,36,0,1,7,D,,A,200,D
20241,05572762,2,24,0,1,2,D,,A,52,D
20241,05573472,2,43,0,1,,A,,A,154,F
20241,05573891,3,6,0,1,3,D,,A,42,D
20241,05573891,4,7,0,1,3,D,,A,42,D
20241,05574321,2,31,0,1,2,D,,A,221,D
20241,05574471,2,24,0,1,7,D,,A,90,D
20241,05574641,1,45,0,1,3,D,,A,174,D
20241,05575091,2,19,0,1,,A,,A,208,F
20241,05575521,1,5,0,1,1,D,3,D,39,D
20241,05575521,2,6,0,1,1,D,3,D,39,D
20241,05576021,1,13,0,1,2,D,,A,338,D
20241,05576271,1,30,0,1,4,D,,A,240,D
20241,05576774,1,5,0,1,2,D,,A,130,D
20241,05577151,1,14,0,1,4,D,,A,50,D
20241,05577251,1,13,0,1,3,D,,A,300,D
20241,05577811,2,12,0,1,3,D,,A,150,D
20241,05578651,1,15,0,1,2,D,,A,546,D
20241,05578651,2,16,0,1,2,D,,A,546,D
20241,05579031,1,35,0,1,1,D,2,D,156,D
20241,05579031,2,36,0,1,1,D,2,D,156,D
20241,05579031,3,37,0,1,1,D,2,D,104,D
20241,05579031,4,38,0,1,1,D,2,D,104,D
20241,05579031,5,39,0,1,,A,,A,208,F
20241,05579721,2,14,0,1,7,D,,A,130,D
20241,05580281,1,7,0,1,7,D,,A,38,D
20241,05580501,1,24,0,1,7,D,,A,32,D
20241,05580651,1,9,0,1,3,D,,A,150,D
20241,05580771,1,50,0,1,3,D,,A,111,D
20241,05580991,2,31,0,1,3,D,,A,900,D
20241,05581441,1,21,0,1,7,D,,A,100,D
20241,05581441,2,22,0,1,7,D,,A,100,D
20241,05581681,1,29,0,1,7,D,,A,5,D
20241,05581711,2,21,0,1,3,D,,A,180,D
20241,05582711,1,27,0,1,2,D,,A,65,D
20241,05582711,2,28,0,1,2,D,,A,65,D
20241,05583331,1,20,0,1,2,D,,A,312,D
20241,05583511,1,30,0,1,4,D,,A,6,D
20241,05583511,4,31,0,1,4,D,,A,20,D
20241,05583531,1,8,0,1,4,D,,A,40,D
20241,05583601,1,16,0,1,7,D,,A,10,D
20241,05583601,2,17,0,1,7,D,,A,10,D
20241,05583611,1,31,0,1,,C,,A,154,F
20241,05583971,1,8,0,1,4,D,,A,10,D
20241,05584241,2,38,0,1,4,D,,A,100,D
20241,05584274,1,8,0,1,3,D,,A,168,D
20241,05584401,2,33,0,1,7,D,,A,5,D
20241,05584661,1,37,0,1,3,D,,A,360,D
20241,05584661,2,38,0,1,3,D,,A,360,D
20241,05584911,1,9,0,1,3,D,,A,168,D
20241,05584931,4,15,0,1,3,D,,A,105,D
20241,05585041,1,38,0,1,3,D,,A,120,D
20241,05585291,1,33,0,1,7,D,,A,10,D
20241,05585401,1,29,0,1,2,D,,A,455,D
20241,05585581,1,7,0,1,3,D,,A,75,D
20241,05585611,1,6,0,1,3,D,,A,60,D
20241,05585641,1,23,0,1,3,D,,A,30,D
20241,05586051,1,24,0,1,7,D,,A,70,D
20241,05586521,1,15,0,1,7,D,,A,5,D
20241,05586851,1,24,0,1,6,D,,A,25,D
20241,05587161,1,7,0,1,3,D,,A,396,D
20241,05587161,2,8,0,1,3,D,,A,396,D
20241,05587372,1,11,0,1,3,D,,A,150,D
20241,05587881,3,29,0,1,7,D,,A,13,D
20241,05587881,4,30,0,1,7,D,,A,13,D
20241,05588271,1,7,0,1,,A,,A,182,F
20241,05588401,2,14,0,1,3,D,,A,30,D
20241,05588841,1,28,0,1,4,D,,A,12,D
20241,05589261,1,22,0,1,7,D,,A,5,D
20241,05589261,2,23,0,1,7,D,,A,5,D
20241,05589331,1,10,0,1,3,D,,A,210,D
20241,05589431,1,20,0,1,3,D,,A,30,D
20241,05590891,1,23,0,1,7,D,,A,90,D
20241,05590891,2,24,0,1,7,D,,A,90,D
20241,05591051,1,21,0,1,3,D,,A,300,D
20241,05591311,1,31,0,1,3,D,,A,90,D
20241,05592281,1,16,0,1,2,D,,A,65,D
20241,05592301,31,26,0,1,4,D,,A,100,D
20241,05592411,1,11,0,1,2,D,,A,182,D
20241,05592471,2,25,0,1,3,D,,A,30,D
20241,05592831,1,12,0,1,3,D,,A,180,D
20241,05593061,2,12,0,1,6,D,,A,11,D
20241,05593061,3,13,0,1,6,D,,A,11,D
20241,05593171,1,9,0,1,3,D,,A,90,D
20241,05593791,1,10,0,1,3,D,,A,48,D
20241,05593831,1,14,0,1,3,D,,A,180,D
20241,05594901,1,23,0,1,3,D,,A,300,D
20241,05594901,2,24,0,1,3,D,,A,150,D
20241,05595711,1,7,0,1,2,D,,A,455,D
20241,05595711,2,8,0,1,2,D,,A,455,D
20241,05595791,1,30,0,1,1,D,2,D,78,D
20241,05596151,1,40,0,1,3,D,,A,15,D
20241,05596221,1,18,0,1,2,D,,A,260,D
20241,05596221,2,19,0,1,2,D,,A,260,D
20241,05596281,1,21,0,1,3,D,,A,300,D
20241,05596301,1,19,0,1,7,D,,A,30,D
20241,05596421,1,11,0,1,3,D,,A,15,D
20241,05596781,1,13,0,1,2,D,,A,390,D
20241,05597091,1,11,0,1,2,D,,A,442,D
20241,05597091,2,12,0,1,2,D,,A,442,D
20241,05597121,1,6,0,1,3,D,,A,108,D
20241,05597341,1,9,0,1,3,D,,A,210,D
20241,05597501,1,28,0,1,7,D,,A,60,D
20241,05597782,1,5,0,1,,A,,A,221,F
20241,05598201,1,27,0,1,7,D,,A,120,D
20241,05598201,2,28,0,1,7,D,,A,120,D
20241,05598381,1,42,0,1,7,D,,A,40,D
20241,05598381,31,43,0,1,7,D,,A,20,D
20241,05598743,1,8,0,1,2,D,,A,364,D
20241,05599561,1,20,0,1,4,D,,A,10,D
20241,05599651,1,6,0,1,3,D,,A,240,D
20241,05599881,3,45,0,1,3,D,,A,72,D
20241,05600441,5,14,0,1,2,D,,A,104,D
20241,05600611,1,7,0,1,2,D,,A,260,D
20241,05600901,2,9,0,1,1,D,1,D,52,D
20241,05601331,1,18,0,1,7,D,,A,40,D
20241,05601331,2,19,0,1,7,D,,A,40,D
20241,05601531,1,27,0,1,3,D,,A,30,D
20241,05601531,2,28,0,1,,A,,A,182,F
20241,05602921,1,9,0,1,3,D,,A,60,D
20241,05602991,1,8,0,1,3,D,,A,150,D
20241,05603351,1,22,0,1,4,D,,A,40,D
20241,05603351,2,23,0,1,,A,,A,221,F
20241,05603351,3,24,0,1,,A,,A,221,F
20241,05603351,4,25,0,1,,A,,A,221,F
20241,05603563,1,11,0,1,2,D,,A,286,D
20241,05604201,4,23,0,1,7,D,,A,3,D
20241,05604591,2,22,0,1,4,D,,A,15,D
20241,05604711,3,52,0,1,3,D,,A,60,D
20241,05604711,4,53,0,1,3,D,,A,270,D
20241,05604901,1,19,0,1,3,D,,A,90,D
20241,05605161,1,36,0,1,3,D,,A,150,D
20241,05605191,1,20,0,1,3,D,,A,150,D
20241,05605191,2,21,0,1,3,D,,A,192,D
20241,05605493,1,7,0,1,4,D,,A,120,D
20241,05605881,1,9,0,1,7,D,,A,250,D
20241,05606101,31,18,0,1,7,D,,A,52,D
20241,05606271,1,16,0,1,3,D,,A,300,D
20241,05606921,2,8,0,1,2,D,,A,910,D
20242,05411964,2,35,0,1,2,D,,A,130,D
20242,05412344,2,11,0,1,3,D,,A,18,D
20242,05412864,1,12,0,1,6,D,,A,5,D
20242,05413214,1,14,0,1,3,D,,A,396,D
20242,05413244,1,52,0,1,7,D,,A,45,D
20242,05413244,2,53,0,1,7,D,,A,45,D
20242,05413244,3,54,0,1,7,D,,A,45,D
20242,05413244,4,55,0,1,7,D,,A,45,D
20242,05414104,1,11,0,1,2,D,,A,104,D
20242,05414424,1,21,0,1,3,D,,A,15,D
20242,05414764,1,22,0,1,3,D,,A,60,D
20242,05414764,2,23,0,1,2,D,,A,455,D
20242,05415634,1,33,0,1,7,D,,A,52,D
20242,05415634,2,34,0,1,7,D,,A,52,D
20242,05415634,3,35,0,1,7,D,,A,52,D
20242,05415634,4,36,0,1,7,D,,A,52,D
20242,05416354,1,20,0,1,2,D,,A,260,D
20242,05416354,3,21,0,1,2,D,,A,260,D
20242,05416534,1,25,0,1,3,D,,A,90,D
20242,05417324,1,55,0,1,7,D,,A,25,D
20242,05417964,5,14,0,1,2,D,,A,260,D
20242,05418504,1,17,0,1,3,D,,A,30,D
20242,05418714,1,11,0,1,4,D,,A,165,D
20242,05419284,1,8,0,1,4,D,,A,35,D
20242,05419284,2,9,0,1,4,D,,A,20,D
20242,05419284,3,10,0,1,4,D,,A,10,D
20242,05419284,4,11,0,1,4,D,,A,10,D
20242,05419284,5,12,0,1,4,D,,A,15,D
20242,05420174,1,23,0,1,3,D,,A,15,D
20242,05420394,1,16,0,1,2,D,,A,442,D
20242,05421134,1,26,0,1,3,D,,A,75,D
20242,05421774,31,55,0,1,3,D,,A,60,D
20242,05422234,1,10,0,1,1,D,1,D,104,D
20242,05422234,2,11,0,1,1,D,1,D,104,D
20242,05422304,1,10,0,1,3,D,,A,180,D
20242,05423064,1,42,0,1,7,D,,A,36,D
20242,05423064,2,43,0,1,7,D,,A,37,D
20242,05423354,1,44,0,1,7,D,,A,20,D
20242,05424004,1,27,0,1,,A,,A,180,F
20242,05424034,1,76,0,1,3,D,,A,30,D
20242,05424034,2,77,0,1,3,D,,A,30,D
20242,05424054,3,27,0,1,3,D,,A,60,D
20242,05424324,1,67,0,1,1,D,1,D,208,D
20242,05424354,1,19,0,1,3,D,,A,108,D
20242,05424534,1,38,0,1,7,D,,A,6,D
20242,05424574,2,58,0,1,4,D,,A,80,D
20242,05424904,1,24,0,1,4,D,,A,40,D
20242,05425754,1,11,0,1,2,D,,A,78,D
20242,05425964,2,31,0,1,3,D,,A,600,D
20242,05426194,1,19,0,1,,A,,A,183,F
20242,05426584,1,15,0,1,3,D,,A,45,D
20242,05427194,1,18,0,1,,A,,A,139,F
20242,05427284,1,10,0,1,3,D,,A,72,D
20242,05427284,2,11,0,1,3,D,,A,72,D
20242,05427434,1,40,0,1,3,D,,A,39,D
20242,05427434,2,41,0,1,3,D,,A,39,D
20242,05427734,1,22,0,1,3,D,,A,51,D
20242,05428154,1,23,0,1,1,D,1,D,65,D
20242,05428174,1,34,0,1,2,D,,A,546,D
20242,05428324,1,16,0,1,7,D,,A,70,D
20242,05428804,1,48,0,1,7,D,,A,25,D
20242,05428814,2,20,0,1,3,D,,A,120,D
20242,05428854,1,43,0,1,3,D,,A,45,D
20242,05428894,1,18,0,1,3,D,,A,285,D
20242,05428974,1,38,0,1,2,D,,A,208,D
20242,05428974,2,39,0,1,3,D,,A,507,D
20242,05429494,1,58,0,1,3,D,,A,270,D
20242,05429494,3,59,0,1,3,D,,A,270,D
20242,05429794,1,22,0,1,7,D,,A,5,D
20242,05429994,1,18,0,1,3,D,,A,60,D
20242,05430054,1,12,0,1,7,D,,A,12,D
20242,05430184,2,42,0,1,3,D,,A,288,D
20242,05430194,2,22,0,1,1,D,5,D,130,D
20242,05430914,1,25,0,1,3,D,,A,225,D
20242,05430914,2,26,0,1,3,D,,A,990,D
20242,05430984,1,8,0,1,7,D,,A,139,F
20242,05432244,1,22,0,1,3,D,,A,60,D
20242,05432244,2,23,0,1,3,D,,A,60,D
20242,05432864,1,10,0,1,2,D,,A,416,D
20242,05432934,1,52,0,1,3,D,,A,102,D
20242,05432934,2,53,0,1,3,D,,A,420,D
20242,05432934,3,54,0,1,3,D,,A,90,D
20242,05433654,1,26,0,1,7,D,,A,30,D
20242,05433914,31,59,0,1,7,D,,A,16,D
20242,05434074,1,19,0,1,4,D,,A,50,D
20242,05434204,1,25,0,1,7,D,,A,40,D
20242,05434514,1,11,0,1,3,D,,A,150,D
20242,05434534,1,82,0,1,4,D,,A,60,D
20242,05434864,1,21,0,1,2,D,,A,195,D
20242,05434864,2,22,0,1,2,D,,A,195,D
20242,05436044,1,25,0,1,7,D,,A,70,D
20242,05436124,1,21,0,1,1,D,4,D,208,D
20242,05436444,1,32,0,1,3,D,,A,75,D
20242,05436444,2,33,0,1,3,D,,A,75,D
20242,05436984,1,44,0,1,7,D,,A,60,D
20242,05436984,3,45,0,1,7,D,,A,60,D
20242,05437064,1,9,0,1,2,D,,A,455,D
20242,05437064,2,10,0,1,2,D,,A,455,D
20242,05437064,3,11,0,1,2,D,,A,455,D
20242,05437384,1,51,0,1,7,D,,A,46,D
20242,05437384,2,52,0,1,7,D,,A,46,D
20242,05437484,1,31,0,1,3,D,,A,390,D
20242,05437484,2,32,0,1,3,D,,A,390,D
20242,05438444,1,49,0,1,4,D,,A,39,D
20242,05438524,1,9,0,1,3,D,,A,111,D
20242,05438954,1,27,0,1,1,D,6,D,1092,D
20242,05439454,1,20,0,1,2,D,,A,143,D
20242,05439454,2,21,0,1,2,D,,A,377,D
20242,05439724,1,33,0,1,7,D,,A,3,D
20242,05439734,1,24,0,1,7,D,,A,14,D
20242,05439744,2,33,0,1,2,D,,A,130,D
20242,05439944,1,36,0,1,7,D,,A,47,D
20242,05439944,2,37,0,1,7,D,,A,47,D
20242,05440204,1,7,0,1,3,D,,A,60,D
20242,05440224,1,6,0,1,4,D,,A,26,D
20242,05440364,1,36,0,1,4,D,,A,50,D
20242,05440374,2,31,0,1,4,D,,A,7,D
20242,05440374,3,32,0,1,4,D,,A,7,D
20242,05440374,4,33,0,1,4,D,,A,7,D
20242,05440924,1,7,0,1,3,D,,A,60,D
20242,05441694,1,32,0,1,7,D,,A,90,D
20242,05441694,2,33,0,1,,A,,A,143,F
20242,05442524,1,69,0,1,7,D,,A,6,D
20242,05442524,2,70,0,1,7,D,,A,8,D
20242,05442524,3,71,0,1,7,D,,A,8,D
20242,05442594,31,28,0,1,2,D,,A,780,D
20242,05443544,1,17,0,1,3,D,,A,60,D
20242,05443544,2,18,0,1,3,D,,A,75,D
20242,05443544,3,19,0,1,3,D,,A,75,D
20242,05443634,1,27,0,1,7,D,,A,6,D
20242,05445604,1,37,0,1,7,D,,A,100,D
20242,05445984,2,32,0,1,3,D,,A,300,D
20242,05446204,1,13,0,1,2,D,,A,78,D
20242,05538143,1,22,0,1,7,D,,A,25,D
20242,05538993,1,25,0,1,7,D,,A,4,D
20242,05539053,1,27,0,1,3,D,,A,51,D
20242,05539053,2,28,0,1,3,D,,A,51,D
20242,05539623,1,16,0,1,3,D,,A,360,D
20242,05539623,2,17,0,1,3,D,,A,600,D
20242,05540303,1,15,0,1,3,D,,A,90,D
20242,05540593,1,7,0,1,3,D,,A,189,D
20242,05541083,1,45,0,1,7,D,,A,125,D
20242,05541163,1,13,0,1,4,D,,A,25,D
20242,05541523,2,29,0,1,4,D,,A,150,D
20242,05541693,1,41,0,1,3,D,,A,51,D
20242,05541773,1,7,0,1,4,D,,A,100,D
20242,05541923,1,28,0,1,7,D,,A,40,D
20242,05541923,2,29,0,1,,A,,A,143,F
20242,05541983,1,48,0,1,7,D,,A,12,D
20242,05542023,1,19,0,1,7,D,,A,90,D
20242,05542023,2,20,0,1,,A,,A,143,F
20242,05542623,1,29,0,1,2,D,,A,325,D
20242,05542663,1,11,0,1,2,D,,A,325,D
20242,05543533,2,25,0,1,4,D,,A,20,D
20242,05545003,1,6,0,1,3,D,,A,24,D
20242,05545003,2,7,0,1,,A,,A,139,F
20242,05545003,3,8,0,1,,A,,A,139,F
20242,05545003,4,9,0,1,,A,,A,139,F
20242,05545503,1,13,0,1,3,D,,A,60,D
20242,05545653,1,17,0,1,3,D,,A,75,D
20242,05545783,1,13,0,1,7,D,,A,34,D
20242,05545853,1,10,0,1,3,D,,A,1050,D
20242,05546193,1,34,0,1,3,D,,A,30,D
20242,05546193,2,35,0,1,3,D,,A,30,D
20242,05546553,1,12,0,1,3,D,,A,45,D
20242,05546783,1,14,0,1,2,D,,A,325,D
20242,05546933,1,37,0,1,7,D,,A,15,D
20242,05546933,2,38,0,1,7,D,,A,15,D
20242,05547603,1,15,0,1,3,D,,A,60,D
20242,05547693,1,14,0,1,3,D,,A,90,D
20242,05547693,2,15,0,1,2,D,,A,442,D
20242,05548433,1,5,0,1,2,D,,A,130,D
20242,05548433,2,6,0,1,2,D,,A,130,D
20242,05548433,3,7,0,1,2,D,,A,130,D
20242,05549303,1,11,0,1,3,D,,A,240,D
20242,05550033,1,23,0,1,7,D,,A,25,D
20242,05550033,2,24,0,1,7,D,,A,25,D
20242,05550103,1,25,0,1,3,D,,A,90,D
20242,05550143,1,24,0,1,7,D,,A,20,D
20242,05550143,2,25,0,1,7,D,,A,20,D
20242,05550143,3,26,0,1,7,D,,A,20,D
20242,05550613,2,62,0,1,3,D,,A,120,D
20242,05550873,1,16,0,1,3,D,,A,75,D
20242,05551133,1,16,0,1,3,D,,A,156,D
20242,05551923,1,11,0,1,2,D,,A,130,D
20242,05552293,1,25,0,1,3,D,,A,108,D
20242,05552573,1,32,0,1,3,D,,A,240,D
20242,05552843,1,12,0,1,3,D,,A,120,D
20242,05553273,1,17,0,1,3,D,,A,60,D
20242,05553433,1,19,0,1,4,D,,A,96,D
20242,05555313,1,15,0,1,7,D,,A,170,D
20242,05555383,1,7,0,1,3,D,,A,60,D
20242,05555383,2,8,0,1,3,D,,A,60,D
20242,05556073,2,8,0,1,7,D,,A,5,D
20242,05556213,1,34,0,1,7,D,,A,36,D
20242,05556213,2,35,0,1,,A,,A,143,F
20242,05556283,1,30,0,1,3,D,,A,75,D
20242,05556943,2,23,0,1,3,D,,A,540,D
20242,05557233,1,12,0,1,3,D,,A,120,D
20242,05557553,1,7,0,1,7,D,,A,20,D
20242,05557563,1,24,0,1,3,D,,A,300,D
20242,05557693,3,6,0,1,4,D,,A,40,D
20242,05557783,1,13,0,1,,A,,A,217,F
20242,05558233,1,13,0,1,3,D,,A,141,D
20242,05559013,1,18,0,1,3,D,,A,402,D
20242,05559633,1,18,0,1,4,D,,A,95,D
20242,05559633,2,19,0,1,4,D,,A,95,D
20242,05560113,1,7,0,1,3,D,,A,75,D
20242,05560213,1,15,0,1,7,D,,A,40,D
20242,05561093,1,9,0,1,2,D,,A,195,D
20242,05561593,1,57,0,1,,A,,A,198,F
20242,05561593,2,58,0,1,,A,,A,198,F
20242,05561633,1,24,0,1,3,D,,A,120,D
20242,05561633,2,25,0,1,2,D,,A,156,D
20242,05561833,1,40,0,1,7,D,,A,65,D
20242,05562423,1,17,0,1,1,D,3,D,117,D
20242,05562423,3,18,0,1,3,D,,A,180,D
20242,05562423,4,19,0,1,3,D,,A,120,D
20242,05562463,1,18,0,1,7,D,,A,4,D
20242,05562483,1,15,0,1,3,D,,A,120,D
20242,05562883,1,19,0,1,7,D,,A,15,D
20242,05563073,1,13,0,1,2,D,,A,130,D
20242,05563513,1,20,0,1,2,D,,A,156,D
20242,05563993,2,54,0,1,4,D,,A,162,D
20242,05564343,1,7,0,1,2,D,,A,260,D
20242,05564343,2,8,0,1,2,D,,A,260,D
20242,05564743,1,17,0,1,7,D,,A,32,D
20242,05564743,2,18,0,1,7,D,,A,32,D
20242,05564853,1,33,0,1,7,D,,A,30,D
20242,05564853,2,34,0,1,7,D,,A,30,D
20242,05565293,1,7,0,1,3,D,,A,270,D
20242,05565483,1,7,0,1,2,D,,A,442,D
20242,05565483,2,8,0,1,2,D,,A,442,D
20242,05566013,2,24,0,1,4,D,,A,12,D
20242,05566383,3,32,0,1,2,D,,A,325,D
20242,05566573,1,44,0,1,1,D,3,D,2125,T
20242,05566953,1,9,0,1,3,D,,A,600,D
20242,05566963,1,26,0,1,7,D,,A,30,D
20242,05567813,1,37,0,1,7,D,,A,50,D
20242,05567813,2,38,0,1,7,D,,A,50,D
20242,05569273,1,19,0,1,2,D,,A,845,D
20242,05570343,1,31,0,1,7,D,,A,11,D
20242,05570343,2,32,0,1,7,D,,A,11,D
20242,05570673,1,19,0,1,7,D,,A,150,D
20242,05570703,3,13,0,1,3,D,,A,165,D
20242,05571083,1,11,0,1,2,D,,A,260,D
20242,05572763,2,37,0,1,2,D,,A,130,D
20242,05573503,1,13,0,1,1,D,1,D,650,D
20242,05574292,1,24,0,1,3,D,,A,30,D
20242,05574322,2,37,0,1,3,D,,A,180,D
20242,05574472,2,26,0,1,7,D,,A,14,D
20242,05574502,1,15,0,1,3,D,,A,75,D
20242,05574502,2,16,0,1,3,D,,A,75,D
20242,05574502,3,17,0,1,3,D,,A,75,D
20242,05574642,1,42,0,1,7,D,,A,130,D
20242,05575242,1,38,0,1,4,D,,A,100,D
20242,05575422,1,12,0,1,4,D,,A,15,D
20242,05575422,2,13,0,1,4,D,,A,15,D
20242,05575422,3,14,0,1,4,D,,A,15,D
20242,05575892,1,15,0,1,,A,,A,183,F
20242,05576022,1,16,0,1,3,D,,A,210,D
20242,05576272,1,36,0,1,4,D,,A,160,D
20242,05576622,1,13,0,1,3,D,,A,240,D
20242,05576622,2,14,0,1,3,D,,A,240,D
20242,05577152,1,18,0,1,7,D,,A,40,D
20242,05577252,1,10,0,1,4,D,,A,274,D
20242,05577812,2,14,0,1,2,D,,A,156,D
20242,05577832,1,14,0,1,3,D,,A,240,D
20242,05577832,2,15,0,1,3,D,,A,240,D
20242,05577892,1,7,0,1,3,D,,A,90,D
20242,05577892,2,8,0,1,3,D,,A,450,D
20242,05578172,1,9,0,1,3,D,,A,60,D
20242,05579812,3,28,0,1,7,D,,A,3,D
20242,05580222,3,41,0,1,3,D,,A,60,D
20242,05580282,1,8,0,1,3,D,,A,114,D
20242,05580452,1,19,0,1,3,D,,A,300,D
20242,05580452,2,20,0,1,3,D,,A,300,D
20242,05580942,2,13,0,1,3,D,,A,270,D
20242,05580992,2,35,0,1,3,D,,A,1080,D
20242,05581532,1,7,0,1,3,D,,A,9,D
20242,05581712,2,30,0,1,3,D,,A,180,D
20242,05581792,2,31,0,1,3,D,,A,660,D
20242,05582712,1,27,0,1,3,D,,A,30,D
20242,05582712,2,28,0,1,3,D,,A,30,D
20242,05583222,1,31,0,1,7,D,,A,75,D
20242,05583222,2,32,0,1,7,D,,A,75,D
20242,05583332,1,25,0,1,2,D,,A,208,D
20242,05583532,1,9,0,1,3,D,,A,75,D
20242,05583972,1,11,0,1,3,D,,A,30,D
20242,05584182,1,17,0,1,3,D,,A,150,D
20242,05584242,2,50,0,1,3,D,,A,72,D
20242,05584402,2,42,0,1,7,D,,A,3,D
20242,05584662,1,22,0,1,3,D,,A,330,D
20242,05584662,2,23,0,1,3,D,,A,330,D
20242,05585032,1,47,0,1,7,D,,A,8,D
20242,05585402,1,30,0,1,3,D,,A,600,D
20242,05585612,1,8,0,1,4,D,,A,6,D
20242,05585642,1,26,0,1,3,D,,A,30,D
20242,05585822,1,38,0,1,4,D,,A,20,D
20242,05585862,5,26,0,1,3,D,,A,30,D
20242,05586512,1,11,0,1,4,D,,A,318,D
20242,05586902,1,11,0,1,2,D,,A,520,D
20242,05587162,1,10,0,1,3,D,,A,180,D
20242,05587162,2,11,0,1,3,D,,A,396,D
20242,05587512,1,15,0,1,7,D,,A,23,D
20242,05587512,2,16,0,1,7,D,,A,23,D
20242,05588072,1,13,0,1,3,D,,A,60,D
20242,05588402,2,21,0,1,2,D,,A,78,D
20242,05588512,1,10,0,1,3,D,,A,60,D
20242,05589032,1,31,0,1,7,D,,A,3,D
20242,05589032,2,32,0,1,7,D,,A,4,D
20242,05589262,1,19,0,1,3,D,,A,462,D
20242,05589332,1,12,0,1,3,D,,A,195,D
20242,05589532,1,11,0,1,1,D,4,D,312,D
20242,05590242,1,14,0,1,3,D,,A,9,D
20242,05590292,1,38,0,1,3,D,,A,30,D
20242,05590292,2,39,0,1,3,D,,A,15,D
20242,05590862,1,10,0,1,2,D,,A,312,D
20242,05591052,1,26,0,1,3,D,,A,30,D
20242,05591312,1,39,0,1,3,D,,A,75,D
20242,05591632,2,20,0,1,,A,,A,139,F
20242,05591712,1,8,0,1,3,D,,A,90,D
20242,05591712,2,9,0,1,,A,,A,139,F
20242,05591992,2,16,0,1,3,D,,A,120,D
20242,05592022,3,30,0,1,3,D,,A,150,D
20242,05592282,1,17,0,1,3,D,,A,60,D
20242,05592412,2,14,0,1,2,D,,A,208,D
20242,05592462,1,48,0,1,7,D,,A,16,D
20242,05592462,2,49,0,1,3,D,,A,60,D
20242,05592512,1,24,0,1,3,D,,A,285,D
20242,05592832,1,19,0,1,7,D,,A,4,D
20242,05593052,1,49,0,1,7,D,,A,6,D
20242,05593052,2,50,0,1,7,D,,A,6,D
20242,05593152,1,17,0,1,2,D,,A,260,D
20242,05593152,31,18,0,1,2,D,,A,130,D
20242,05593732,1,15,0,1,3,D,,A,225,D
20242,05593732,2,16,0,1,3,D,,A,225,D
20242,05594902,1,30,0,1,4,D,,A,25,D
20242,05594902,2,31,0,1,4,D,,A,25,D
20242,05595712,1,12,0,1,2,D,,A,442,D
20242,05595712,2,13,0,1,2,D,,A,442,D
20242,05596222,1,15,0,1,2,D,,A,364,D
20242,05596222,2,16,0,1,2,D,,A,364,D
20242,05596282,1,24,0,1,3,D,,A,300,D
20242,05596352,1,20,0,1,3,D,,A,600,D
20242,05596782,1,6,0,1,3,D,,A,600,D
20242,05597092,1,11,0,1,2,D,,A,442,D
20242,05597092,2,12,0,1,2,D,,A,442,D
20242,05597132,1,13,0,1,2,D,,A,260,D
20242,05597212,1,45,0,1,7,D,,A,30,D
20242,05597342,1,9,0,1,3,D,,A,90,D
20242,05597502,1,38,0,1,7,D,,A,20,D
20242,05597942,1,20,0,1,3,D,,A,135,D
20242,05598722,1,20,0,1,3,D,,A,30,D
20242,05598744,1,12,0,1,3,D,,A,300,D
20242,05599562,1,17,0,1,7,D,,A,28,D
20242,05599652,1,8,0,1,2,D,,A,1040,D
20242,05599882,2,48,0,1,7,D,,A,200,D
20242,05599882,3,49,0,1,7,D,,A,200,D
20242,05599922,1,45,0,1,7,D,,A,55,D
20242,05599932,1,20,0,1,7,D,,A,20,D
20242,05600442,3,23,0,1,2,D,,A,130,D
20242,05600442,5,24,0,1,2,D,,A,130,D
20242,05600902,2,10,0,1,1,D,1,D,52,D
20242,05601222,3,18,0,1,,A,,A,247,F
20242,05601222,4,19,0,1,,A,,A,247,F
20242,05601222,5,20,0,1,,A,,A,247,F
20242,05601332,1,24,0,1,7,D,,A,30,D
20242,05601332,2,25,0,1,7,D,,A,30,D
20242,05601532,1,23,0,1,1,D,2,D,312,D
20242,05602142,1,35,0,1,3,D,,A,285,D
20242,05602992,1,14,0,1,3,D,,A,150,D
20242,05603352,1,37,0,1,4,D,,A,15,D
20242,05603352,2,38,0,1,4,D,,A,15,D
20242,05603352,3,39,0,1,4,D,,A,15,D
20242,05603352,4,40,0,1,4,D,,A,15,D
20242,05603492,1,20,0,1,7,D,,A,15,D
20242,05603522,1,34,0,1,7,D,,A,13,D
20242,05604162,2,9,0,1,3,D,,A,240,D
20242,05604162,3,10,0,1,3,D,,A,240,D
20242,05604442,1,27,0,1,7,D,,A,150,D
20242,05604442,2,28,0,1,7,D,,A,150,D
20242,05604442,3,29,0,1,7,D,,A,150,D
20242,05604902,1,24,0,1,3,D,,A,30,D
20242,05604902,2,25,0,1,3,D,,A,30,D
20242,05605162,3,45,0,1,4,D,,A,110,D
20242,05605192,1,18,0,1,3,D,,A,180,D
20242,05605192,2,19,0,1,3,D,,A,135,D
20242,05605302,1,45,0,1,7,D,,A,25,D
20242,05605302,2,46,0,1,7,D,,A,25,D
20242,05607122,1,21,0,1,7,D,,A,25,D
20242,05607922,1,20,0,1,3,D,,A,225,D
20242,05607992,1,23,0,1,3,D,,A,120,D
20242,05655561,3,20,0,1,3,D,,A,45,D
20242,05656341,2,24,0,1,3,D,,A,45,D
20242,05656341,3,25,0,1,3,D,,A,90,D
20242,05657111,1,7,0,1,3,D,,A,600,D
20242,05657111,2,8,0,1,3,D,,A,600,D
20242,05657251,1,18,0,1,3,D,,A,150,D
20242,05657361,1,18,0,1,3,D,,A,90,D
20242,05657451,1,32,0,1,7,D,,A,8,D
20242,05657761,1,6,0,1,3,D,,A,9,D
20242,05657851,1,40,0,1,7,D,,A,10,D
20242,05657931,1,8,0,1,2,D,,A,65,D
20242,05658231,1,18,0,1,3,D,,A,150,D
20242,05658401,1,22,0,1,7,D,,A,7,D
20242,05659601,1,10,0,1,2,D,,A,130,D
20242,05659781,2,23,0,1,7,D,,A,35,D
20242,05660114,1,8,0,1,3,D,,A,270,D
20242,05660681,4,28,0,1,,A,,A,198,F
20242,05660701,1,5,0,1,3,D,,A,360,D
20242,05660771,1,22,0,1,1,D,,C,217,F
20242,05660921,1,7,0,1,2,D,,A,325,D
20242,05660991,1,11,0,1,4,D,,A,70,D
20242,05661231,1,21,0,1,3,D,,A,90,D
20242,05661231,2,22,0,1,3,D,,A,330,D
20242,05661621,1,10,0,1,,C,,A,139,F
20242,05661691,1,9,0,1,2,D,,A,325,D
20242,05661741,1,14,0,1,1,D,5,D,1300,D
20242,05662491,1,40,0,1,7,D,,A,8,D
20242,05662491,2,41,0,1,7,D,,A,5,D
20242,05662821,1,8,0,1,4,D,,A,5,D
20242,05663211,1,13,0,1,3,D,,A,90,D
20242,05663271,1,25,0,1,4,D,,A,40,D
20242,05663494,1,7,0,1,3,D,,A,150,D
20242,05663601,1,17,0,1,2,D,,A,143,D
20242,05664061,1,9,0,1,3,D,,A,168,D
20242,05664591,1,12,0,1,7,D,,A,2,D
20242,05664701,1,6,0,1,2,D,,A,130,D
20242,05664751,2,19,0,1,3,D,,A,1050,D
20242,05664811,1,13,0,1,1,D,1,D,104,D
20242,05665001,31,17,0,1,7,D,,A,600,D
20242,05666191,1,12,0,1,3,D,,A,90,D
20242,05666851,1,18,0,1,2,D,,A,364,D
20242,05666851,2,19,0,1,2,D,,A,364,D
20242,05666902,1,12,0,1,3,D,,A,300,D
20242,05667461,1,29,0,1,7,D,,A,6,D
20242,05667461,2,30,0,1,7,D,,A,6,D
20242,05667591,1,16,0,1,3,D,,A,270,D
20242,05667671,1,12,0,1,7,D,,A,10,D
20242,05667791,1,16,0,1,3,D,,A,396,D
20242,05667791,3,17,0,1,3,D,,A,396,D
20242,05668461,2,24,0,1,2,D,,A,364,D
20242,05668461,4,25,0,1,3,D,,A,30,D
20242,05668871,1,19,0,1,7,D,,A,75,D
20242,05668951,2,40,0,1,3,D,,A,750,D
20242,05669181,1,10,0,1,7,D,,A,100,D
20242,05669271,1,27,0,1,3,D,,A,240,D
20242,05669471,1,10,0,1,2,D,,A,520,D
20242,05669721,1,10,0,1,2,D,,A,442,D
20242,05669941,1,24,0,1,3,D,,A,396,D
20242,05670121,1,23,0,1,3,D,,A,285,D
20242,05670121,3,24,0,1,3,D,,A,285,D
20242,05670631,1,15,0,1,7,D,,A,10,D
20242,05670721,1,8,0,1,3,D,,A,30,D
20242,05670831,1,5,0,1,6,D,,A,11,D
20242,05671291,1,9,0,1,3,D,,A,285,D
20242,05671691,1,16,0,1,3,D,,A,90,D
20242,05672141,1,15,0,1,4,D,,A,50,D
20242,05672141,3,16,0,1,4,D,,A,50,D
20242,05672141,4,17,0,1,4,D,,A,50,D
20242,05672241,1,6,0,1,3,D,,A,270,D
20242,05672741,1,22,0,1,2,D,,A,26,D
20242,05673381,1,8,0,1,4,D,,A,50,D
20242,05673731,1,19,0,1,5,D,,A,30,D
20242,05673771,1,15,0,1,3,D,,A,120,D
20242,05673981,1,7,0,1,,A,,A,180,F
20242,05673981,4,8,0,1,,A,,A,180,F
20242,05674221,2,26,0,1,3,D,,A,90,D
20242,05674631,1,20,0,1,7,D,,A,10,D
20242,05674721,1,13,0,1,7,D,,A,10,D
20242,05675044,1,9,0,1,7,D,,A,3,D
20242,05675721,1,13,0,1,3,D,,A,30,D
20242,05676521,1,8,0,1,3,D,,A,81,D
20242,05677281,1,23,0,1,2,D,,A,286,D
20242,05677891,1,20,0,1,7,D,,A,5,D
20242,05677891,2,21,0,1,7,D,,A,5,D
20242,05677891,3,22,0,1,,A,,A,143,F
20242,05678461,1,8,0,1,3,D,,A,198,D
20242,05678461,31,9,0,1,3,D,,A,198,D
20242,05679281,1,18,0,1,4,D,,A,6,D
20242,05679281,2,19,0,1,4,D,,A,6,D
20242,05679311,1,9,0,1,7,D,,A,20,D
20242,05679421,1,26,0,1,7,D,,A,13,D
20242,05679421,2,27,0,1,7,D,,A,13,D
20242,05679531,1,8,0,1,3,D,,A,30,D
20242,05679641,4,23,0,1,7,D,,A,31,D
20242,05680581,2,27,0,1,7,D,,A,10,D
20242,05681051,1,25,0,1,3,D,,A,120,D
20242,05682291,1,33,0,1,1,D,1,D,2125,T
20242,05682291,2,34,0,1,,A,,A,143,F
20242,05682291,3,35,0,1,,A,,A,143,F
20242,05682371,1,15,0,1,4,D,,A,40,D
20242,05682501,1,20,0,1,3,D,,A,6,D
20242,05682711,1,31,0,1,7,D,,A,20,D
20242,05683061,1,14,0,1,3,D,,A,60,D
20242,05683061,2,15,0,1,7,D,,A,5,D
20242,05683171,2,38,0,1,3,D,,A,240,D
20242,05683311,1,36,0,1,7,D,,A,7,D
20242,05683311,2,37,0,1,7,D,,A,7,D
20242,05683311,3,38,0,1,7,D,,A,7,D
20242,05683311,4,39,0,1,7,D,,A,7,D
20242,05683311,5,40,0,1,7,D,,A,7,D
20242,05683521,1,26,0,1,7,D,,A,20,D
20242,05683991,1,61,0,1,7,D,,A,15,D
20242,05683991,3,62,0,1,7,D,,A,4,D
20242,05683991,4,63,0,1,7,D,,A,4,D
20242,05683991,5,64,0,1,7,D,,A,4,D
20242,05684101,1,35,0,1,7,D,,A,60,D
20242,05686011,1,31,0,1,7,D,,A,10,D
20242,05686091,1,29,0,1,7,D,,A,400,D
20242,05686381,1,13,0,1,3,D,,A,285,D
20242,05686381,2,14,0,1,3,D,,A,285,D
20242,05686411,1,57,0,1,7,D,,A,6,D
20242,05686701,1,11,0,1,4,D,,A,60,D
20242,05686731,1,13,0,1,3,D,,A,285,D
20242,05686841,1,6,0,1,3,D,,A,240,D
20242,05687192,1,22,0,1,7,D,,A,26,D
20242,05687441,2,14,0,1,3,D,,A,300,D
20242,05687471,1,13,0,1,3,D,,A,180,D
20242,05687621,1,24,0,1,7,D,,A,30,D
20242,05687671,1,8,0,1,2,D,,A,819,D
20242,05687741,1,28,0,1,3,D,,A,45,D
20242,05687741,2,29,0,1,3,D,,A,600,D
20242,05687741,3,30,0,1,3,D,,A,600,D
20242,05687861,1,7,0,1,7,D,,A,8,D
20242,05688311,1,7,0,1,3,D,,A,18,D
20242,05688601,2,29,0,1,3,D,,A,180,D
20243,05538184,1,29,0,1,3,D,,A,225,D
20243,05538734,2,39,0,1,7,D,,A,3,D
20243,05538954,1,15,0,1,7,D,,A,3,D
20243,05539054,1,19,0,1,2,D,,A,130,D
20243,05539054,2,20,0,1,2,D,,A,78,D
20243,05539794,1,21,0,1,3,D,,A,285,D
20243,05539794,2,22,0,1,3,D,,A,285,D
20243,05539794,3,23,0,1,3,D,,A,285,D
20243,05540214,1,24,0,1,7,D,,A,160,D
20243,05540214,2,25,0,1,,A,,A,139,F
20243,05540214,3,26,0,1,,A,,A,139,F
20243,05540214,4,27,0,1,,A,,A,139,F
20243,05540304,1,25,0,1,3,D,,A,90,D
20243,05540594,1,7,0,1,3,D,,A,459,D
20243,05541524,2,31,0,1,3,D,,A,648,D
20243,05541674,1,21,0,1,7,D,,A,100,D
20243,05541694,1,44,0,1,3,D,,A,57,D
20243,05542624,1,26,0,1,4,D,,A,100,D
20243,05543114,1,9,0,1,3,D,,A,120,D
20243,05544314,2,19,0,1,3,D,,A,300,D
20243,05544774,1,21,0,1,7,D,,A,4,D
20243,05545004,1,6,0,1,3,D,,A,120,D
20243,05545854,1,17,0,1,3,D,,A,1080,D
20243,05546554,1,13,0,1,2,D,,A,130,D
20243,05546784,1,10,0,1,1,D,6,D,468,D
20243,05546934,1,37,0,1,7,D,,A,15,D
20243,05546934,2,38,0,1,7,D,,A,15,D
20243,05547434,1,39,0,1,3,D,,A,861,D
20243,05547544,1,31,0,1,3,D,,A,78,D
20243,05547604,1,20,0,1,3,D,,A,45,D
20243,05547664,5,20,0,1,7,D,,A,20,D
20243,05547694,1,20,0,1,3,D,,A,60,D
20243,05547694,2,21,0,1,2,D,,A,520,D
20243,05547694,4,22,0,1,3,D,,A,60,D
20243,05548024,7,26,0,1,1,D,5,D,975,D
20243,05548434,1,5,0,1,2,D,,A,195,D
20243,05549304,1,13,0,1,3,D,,A,270,D
20243,05549694,1,42,0,1,7,D,,A,60,D
20243,05549694,2,43,0,1,7,D,,A,60,D
20243,05549694,3,44,0,1,7,D,,A,60,D
20243,05549694,4,45,0,1,7,D,,A,60,D
20243,05550104,1,17,0,1,4,D,,A,50,D
20243,05550874,1,14,0,1,3,D,,A,60,D
20243,05550874,2,15,0,1,3,D,,A,60,D
20243,05551134,1,16,0,1,3,D,,A,621,D
20243,05551414,1,45,0,1,7,D,,A,45,D
20243,05551414,2,46,0,1,7,D,,A,45,D
20243,05551984,1,39,0,1,7,D,,A,80,D
20243,05552294,1,26,0,1,3,D,,A,60,D
20243,05552574,1,36,0,1,2,D,,A,234,D
20243,05552694,1,31,0,1,7,D,,A,15,D
20243,05552694,2,32,0,1,7,D,,A,15,D
20243,05552814,1,46,0,1,7,D,,A,38,D
20243,05552814,2,47,0,1,7,D,,A,38,D
20243,05552814,3,48,0,1,7,D,,A,37,D
20243,05552814,4,49,0,1,7,D,,A,37,D
20243,05552844,1,10,0,1,3,D,,A,120,D
20243,05552964,5,27,0,1,3,D,,A,1020,D
20243,05553274,1,17,0,1,3,D,,A,60,D
20243,05553434,1,21,0,1,4,D,,A,96,D
20243,05554844,1,33,0,1,4,D,,A,300,D
20243,05555084,1,23,0,1,7,D,,A,10,D
20243,05555104,1,14,0,1,3,D,,A,210,D
20243,05555104,2,15,0,1,3,D,,A,210,D
20243,05555384,1,7,0,1,3,D,,A,75,D
20243,05555384,2,8,0,1,3,D,,A,75,D
20243,05555794,2,40,0,1,3,D,,A,375,D
20243,05556074,2,9,0,1,7,D,,A,5,D
20243,05556284,1,26,0,1,3,D,,A,90,D
20243,05556714,1,27,0,1,4,D,,A,40,D
20243,05556784,1,18,0,1,2,D,,A,442,D
20243,05556794,1,23,0,1,3,D,,A,15,D
20243,05556794,2,24,0,1,3,D,,A,15,D
20243,05557234,1,13,0,1,3,D,,A,60,D
20243,05557564,1,16,0,1,2,D,,A,208,D
20243,05557564,2,17,0,1,2,D,,A,390,D
20243,05557664,1,21,0,1,,A,,A,115,F
20243,05557694,3,11,0,1,7,D,,A,45,D
20243,05557784,1,12,0,1,,A,,A,584,F
20243,05557914,1,36,0,1,7,D,,A,45,D
20243,05558234,1,14,0,1,3,D,,A,90,D
20243,05558314,1,37,0,1,3,D,,A,1050,D
20243,05558574,1,29,0,1,7,D,,A,6,D
20243,05559014,1,23,0,1,3,D,,A,390,D
20243,05559634,1,17,0,1,3,D,,A,315,D
20243,05559634,2,18,0,1,3,D,,A,285,D
20243,05560114,1,7,0,1,1,D,7,D,455,D
20243,05561094,1,18,0,1,3,D,,A,135,D
20243,05561464,1,32,0,1,7,D,,A,80,D
20243,05561634,1,19,0,1,3,D,,A,30,D
20243,05561634,2,20,0,1,3,D,,A,30,D
20243,05561654,2,21,0,1,2,D,,A,585,D
20243,05562424,1,16,0,1,2,D,,A,195,D
20243,05562424,4,17,0,1,2,D,,A,195,D
20243,05562884,1,18,0,1,7,D,,A,6,D
20243,05563074,1,11,0,1,3,D,,A,75,D
20243,05563084,1,22,0,1,3,D,,A,180,D
20243,05563514,1,27,0,1,2,D,,A,156,D
20243,05563524,1,20,0,1,3,D,,A,300,D
20243,05563994,1,53,0,1,4,D,,A,5,D
20243,05564344,1,7,0,1,3,D,,A,90,D
20243,05564594,1,20,0,1,7,D,,A,8,D
20243,05564594,2,21,0,1,7,D,,A,8,D
20243,05564744,1,14,0,1,7,D,,A,18,D
20243,05564744,2,15,0,1,7,D,,A,18,D
20243,05565294,1,7,0,1,4,D,,A,45,D
20243,05565484,1,10,0,1,2,D,,A,546,D
20243,05565484,2,11,0,1,2,D,,A,546,D
20243,05565754,1,14,0,1,2,D,,A,2125,T
20243,05565774,1,25,0,1,3,D,,A,240,D
20243,05566384,3,33,0,1,3,D,,A,300,D
20243,05567214,1,34,0,1,3,D,,A,297,D
20243,05567294,1,11,0,1,7,D,,A,8,D
20243,05568074,1,54,0,1,7,D,,A,70,D
20243,05568334,1,16,0,1,3,D,,A,30,D
20243,05568574,4,45,0,1,7,D,,A,20,D
20243,05568964,1,14,0,1,,A,,A,184,F
20243,05569274,1,18,0,1,3,D,,A,399,D
20243,05569274,3,19,0,1,2,D,,A,78,D
20243,05570704,1,15,0,1,3,D,,A,390,D
20243,05570704,3,16,0,1,3,D,,A,195,D
20243,05571074,1,39,0,1,7,D,,A,47,D
20243,05571074,2,40,0,1,7,D,,A,46,D
20243,05571084,1,10,0,1,3,D,,A,600,D
20243,05571734,1,15,0,1,3,D,,A,66,D
20243,05572764,2,24,0,1,2,D,,A,78,D
20243,05574293,1,20,0,1,7,D,,A,15,D
20243,05574323,2,35,0,1,3,D,,A,141,D
20243,05574443,1,19,0,1,7,D,,A,150,D
20243,05574643,1,37,0,1,3,D,,A,174,D
20243,05575573,4,35,0,1,6,D,,A,91,D
20243,05576023,1,17,0,1,3,D,,A,300,D
20243,05576273,1,46,0,1,3,D,,A,480,D
20243,05577153,1,21,0,1,1,D,1,D,2125,T
20243,05577193,1,31,0,1,7,D,,A,30,D
20243,05577253,1,9,0,1,4,D,,A,232,D
20243,05577813,2,16,0,1,1,D,5,D,130,D
20243,05578173,1,9,0,1,3,D,,A,105,D
20243,05579603,2,25,0,1,7,D,,A,3,D
20243,05580073,1,22,0,1,7,D,,A,5,D
20243,05580073,2,23,0,1,7,D,,A,5,D
20243,05580073,3,24,0,1,7,D,,A,5,D
20243,05580073,4,25,0,1,,A,,A,115,F
20243,05580283,1,8,0,1,3,D,,A,135,D
20243,05580893,1,11,0,1,3,D,,A,390,D
20243,05580993,2,33,0,1,3,D,,A,1200,D
20243,05581153,1,10,0,1,3,D,,A,45,D
20243,05581713,2,35,0,1,3,D,,A,180,D
20243,05581993,1,10,0,1,3,D,,A,15,D
20243,05582433,1,12,0,1,3,D,,A,36,D
20243,05582713,1,25,0,1,3,D,,A,45,D
20243,05582713,2,26,0,1,3,D,,A,45,D
20243,05582823,1,18,0,1,2,D,,A,130,D
20243,05582823,2,19,0,1,2,D,,A,325,D
20243,05583133,1,21,0,1,2,D,,A,182,D
20243,05583133,2,22,0,1,3,D,,A,300,D
20243,05583133,3,23,0,1,3,D,,A,408,D
20243,05583133,5,24,0,1,3,D,,A,300,D
20243,05583223,1,39,0,1,7,D,,A,50,D
20243,05583223,2,40,0,1,7,D,,A,50,D
20243,05583533,1,10,0,1,3,D,,A,210,D
20243,05583613,1,35,0,1,3,D,,A,30,D
20243,05583613,2,36,0,1,3,D,,A,30,D
20243,05583613,3,37,0,1,3,D,,A,30,D
20243,05583613,4,38,0,1,3,D,,A,30,D
20243,05583973,1,9,0,1,3,D,,A,30,D
20243,05583973,2,10,0,1,3,D,,A,30,D
20243,05583973,3,11,0,1,3,D,,A,30,D
20243,05583973,4,12,0,1,3,D,,A,30,D
20243,05584143,1,8,0,1,3,D,,A,150,D
20243,05584243,2,57,0,1,3,D,,A,90,D
20243,05584403,2,40,0,1,7,D,,A,5,D
20243,05584523,3,35,0,1,7,D,,A,20,D
20243,05584663,1,32,0,1,3,D,,A,225,D
20243,05584663,2,33,0,1,3,D,,A,225,D
20243,05585063,1,30,0,1,7,D,,A,20,D
20243,05585403,1,24,0,1,3,D,,A,420,D
20243,05585643,1,26,0,1,3,D,,A,90,D
20243,05586773,1,31,0,1,7,D,,A,6,D
20243,05586773,2,32,0,1,7,D,,A,6,D
20243,05587163,1,11,0,1,2,D,,A,195,D
20243,05587163,2,12,0,1,3,D,,A,396,D
20243,05587513,1,17,0,1,7,D,,A,100,D
20243,05587513,2,18,0,1,7,D,,A,100,D
20243,05588073,1,13,0,1,4,D,,A,8,D
20243,05588143,1,40,0,1,7,D,,A,14,D
20243,05588143,2,41,0,1,7,D,,A,14,D
20243,05589333,1,9,0,1,3,D,,A,180,D
20243,05590033,1,16,0,1,3,D,,A,15,D
20243,05590263,2,25,0,1,3,D,,A,90,D
20243,05590493,1,24,0,1,7,D,,A,10,D
20243,05590493,2,25,0,1,7,D,,A,10,D
20243,05590863,1,14,0,1,2,D,,A,234,D
20243,05590863,2,15,0,1,2,D,,A,156,D
20243,05590863,3,16,0,1,2,D,,A,234,D
20243,05590863,5,17,0,1,2,D,,A,78,D
20243,05591053,1,25,0,1,6,D,,A,12,D
20243,05591313,1,39,0,1,3,D,,A,75,D
20243,05591713,1,8,0,1,2,D,,A,520,D
20243,05591713,2,9,0,1,2,D,,A,780,D
20243,05592233,1,14,0,1,3,D,,A,540,D
20243,05592283,1,20,0,1,4,D,,A,30,D
20243,05592463,1,56,0,1,4,D,,A,15,D
20243,05592463,2,57,0,1,3,D,,A,30,D
20243,05592513,1,22,0,1,3,D,,A,285,D
20243,05592933,1,11,0,1,3,D,,A,90,D
20243,05593053,1,57,0,1,7,D,,A,79,D
20243,05593053,2,58,0,1,,A,,A,139,F
20243,05594353,1,38,0,1,7,D,,A,6,D
20243,05594353,2,39,0,1,7,D,,A,6,D
20243,05594353,3,40,0,1,7,D,,A,6,D
20243,05594353,4,41,0,1,7,D,,A,6,D
20243,05594903,1,30,0,1,3,D,,A,75,D
20243,05594903,2,31,0,1,3,D,,A,75,D
20243,05595713,1,13,0,1,2,D,,A,442,D
20243,05595713,3,14,0,1,2,D,,A,442,D
20243,05595983,2,28,0,1,,A,,A,174,F
20243,05596153,1,34,0,1,4,D,,A,30,D
20243,05596253,2,29,0,1,2,D,,A,156,D
20243,05596283,1,19,0,1,3,D,,A,300,D
20243,05596353,1,21,0,1,3,D,,A,1200,D
20243,05597133,1,11,0,1,2,D,,A,299,D
20243,05597343,1,15,0,1,3,D,,A,90,D
20243,05597343,2,16,0,1,3,D,,A,90,D
20243,05597503,1,38,0,1,7,D,,A,20,D
20243,05598873,2,25,0,1,,A,,A,164,F
20243,05599463,1,33,0,1,1,D,3,D,585,D
20243,05599463,2,34,0,1,1,D,3,D,585,D
20243,05599563,1,12,0,1,2,D,,A,390,D
20243,05599853,1,41,0,1,7,D,,A,23,D
20243,05599853,2,42,0,1,,A,,A,584,F
20243,05599853,31,43,0,1,,A,,A,584,F
20243,05599863,2,12,0,1,3,D,,A,30,D
20243,05600433,2,30,0,1,4,D,,A,240,D
20243,05600443,3,24,0,1,4,D,,A,100,D
20243,05600443,5,25,0,1,4,D,,A,90,D
20243,05600903,2,10,0,1,3,D,,A,12,D
20243,05600993,1,34,0,1,7,D,,A,90,D
20243,05601943,1,6,0,1,1,D,3,D,156,D
20243,05601943,2,7,0,1,1,D,3,D,156,D
20243,05601943,5,8,0,1,1,D,5,D,260,D
20243,05602993,1,11,0,1,3,D,,A,165,D
20243,05603353,1,35,0,1,4,D,,A,120,D
20243,05603353,2,36,0,1,,A,,A,184,F
20243,05603353,3,37,0,1,,A,,A,184,F
20243,05603353,4,38,0,1,,A,,A,184,F
20243,05603493,1,18,0,1,7,D,,A,300,D
20243,05603513,1,31,0,1,7,D,,A,9,D
20243,05604593,1,54,0,1,7,D,,A,12,D
20243,05605193,1,27,0,1,4,D,,A,47,D
20243,05605193,2,28,0,1,3,D,,A,171,D
20243,05605303,1,43,0,1,7,D,,A,30,D
20243,05605303,2,44,0,1,7,D,,A,30,D
20243,05605623,1,43,0,1,7,D,,A,6,D
20243,05605753,1,17,0,1,,A,,A,139,F
20243,05605753,2,18,0,1,7,D,,A,38,D
20243,05605863,1,33,0,1,7,D,,A,60,D
20243,05605863,2,34,0,1,7,D,,A,60,D
20243,05605863,3,35,0,1,7,D,,A,60,D
20243,05605953,1,44,0,1,,A,,A,139,F
20243,05605953,2,45,0,1,7,D,,A,100,D
20243,05605953,4,46,0,1,,A,,A,139,F
20243,05605953,31,47,0,1,,A,,A,139,F
20243,05606943,1,15,0,1,7,D,,A,8,D
20243,05607123,1,29,0,1,7,D,,A,2,D
20243,05607873,2,39,0,1,7,D,,A,40,D
20243,05607923,1,26,0,1,2,D,,A,195,D
20243,05654832,1,35,0,1,4,D,,A,140,D
20243,05655172,1,20,0,1,7,D,,A,90,D
20243,05655172,2,21,0,1,7,D,,A,90,D
20243,05655492,2,17,0,1,3,D,,A,135,D
20243,05655822,1,29,0,1,7,D,,A,30,D
20243,05656112,1,43,0,1,7,D,,A,20,D
20243,05656112,2,44,0,1,7,D,,A,20,D
20243,05656342,3,45,0,1,3,D,,A,180,D
20243,05656432,1,28,0,1,7,D,,A,10,D
20243,05657202,1,23,0,1,7,D,,A,20,D
20243,05657452,1,47,0,1,7,D,,A,35,D
20243,05657452,2,48,0,1,7,D,,A,35,D
20243,05657762,1,7,0,1,3,D,,A,9,D
20243,05657932,1,8,0,1,3,D,,A,45,D
20243,05658402,2,25,0,1,4,D,,A,15,D
20243,05658402,3,26,0,1,4,D,,A,15,D
20243,05658642,1,17,0,1,3,D,,A,15,D
20243,05658642,2,18,0,1,3,D,,A,15,D
20243,05659882,1,7,0,1,2,D,,A,65,D
20243,05660602,1,13,0,1,3,D,,A,45,D
20243,05660652,1,11,0,1,2,D,,A,26,D
20243,05660702,1,6,0,1,3,D,,A,360,D
20243,05660852,2,19,0,1,3,D,,A,60,D
20243,05660922,1,8,0,1,1,D,5,D,195,D
20243,05661232,1,25,0,1,3,D,,A,90,D
20243,05662022,1,11,0,1,7,D,,A,3,D
20243,05662132,1,5,0,1,3,D,,A,300,D
20243,05662142,1,24,0,1,7,D,,A,3,D
20243,05662362,1,9,0,1,2,D,,A,52,D
20243,05662412,3,63,0,1,7,D,,A,185,D
20243,05662412,4,64,0,1,7,D,,A,160,D
20243,05662492,1,44,0,1,7,D,,A,10,D
20243,05662622,1,24,0,1,2,D,,A,455,D
20243,05662822,1,8,0,1,3,D,,A,60,D
20243,05663292,2,10,0,1,1,D,5,D,390,D
20243,05663342,1,8,0,1,1,D,2,D,78,D
20243,05663602,1,23,0,1,3,D,,A,180,D
20243,05664062,1,13,0,1,3,D,,A,18,D
20243,05664062,2,14,0,1,3,D,,A,18,D
20243,05664132,1,72,0,1,7,D,,A,31,D
20243,05664132,2,73,0,1,7,D,,A,31,D
20243,05664132,3,74,0,1,7,D,,A,31,D
20243,05664132,4,75,0,1,7,D,,A,31,D
20243,05664322,1,38,0,1,7,D,,A,81,D
20243,05664592,1,12,0,1,4,D,,A,20,D
20243,05664672,1,15,0,1,3,D,,A,90,D
20243,05664752,2,38,0,1,3,D,,A,1050,D
20243,05664812,1,17,0,1,7,D,,A,10,D
20243,05664852,31,26,0,1,4,D,,A,36,D
20243,05665232,1,48,0,1,7,D,,A,50,D
20243,05665402,1,28,0,1,7,D,,A,10,D
20243,05665402,2,29,0,1,7,D,,A,10,D
20243,05665952,1,35,0,1,4,D,,A,200,D
20243,05666742,1,37,0,1,1,D,1,D,39,D
20243,05666742,2,38,0,1,1,D,1,D,39,D
20243,05666832,1,20,0,1,3,D,,A,30,D
20243,05666832,2,21,0,1,3,D,,A,30,D
20243,05666852,1,20,0,1,3,D,,A,348,D
20243,05666852,2,21,0,1,3,D,,A,348,D
20243,05666903,1,23,0,1,3,D,,A,300,D
20243,05667252,1,24,0,1,7,D,,A,110,D
20243,05667252,2,25,0,1,7,D,,A,10,D
20243,05667302,1,10,0,1,3,D,,A,54,D
20243,05667432,1,31,0,1,3,D,,A,36,D
20243,05667752,1,35,0,1,4,D,,A,24,D
20243,05667792,1,15,0,1,3,D,,A,396,D
20243,05667792,3,16,0,1,3,D,,A,396,D
20243,05667842,2,13,0,1,3,D,,A,600,D
20243,05668462,1,42,0,1,3,D,,A,60,D
20243,05668462,2,43,0,1,3,D,,A,396,D
20243,05668462,4,44,0,1,3,D,,A,120,D
20243,05668924,1,10,0,1,7,D,,A,7,D
20243,05669562,1,15,0,1,7,D,,A,10,D
20243,05670122,4,30,0,1,4,D,,A,66,D
20243,05670832,1,7,0,1,6,D,,A,11,D
20243,05671782,1,21,0,1,7,D,,A,5,D
20243,05672142,3,19,0,1,3,D,,A,45,D
20243,05672702,1,6,0,1,2,D,,A,195,D
20243,05672712,3,22,0,1,,A,,A,164,F
20243,05672732,4,30,0,1,7,D,,A,30,D
20243,05672802,1,15,0,1,3,D,,A,300,D
20243,05673382,1,10,0,1,3,D,,A,60,D
20243,05673382,2,11,0,1,3,D,,A,30,D
20243,05673382,3,12,0,1,3,D,,A,30,D
20243,05673382,4,13,0,1,3,D,,A,30,D
20243,05673552,1,12,0,1,3,D,,A,192,D
20243,05673732,1,26,0,1,7,D,,A,10,D
20243,05673772,1,10,0,1,7,D,,A,95,D
20243,05673982,1,9,0,1,3,D,,A,60,D
20243,05674222,1,26,0,1,3,D,,A,132,D
20243,05674632,1,27,0,1,7,D,,A,35,D
20243,05674772,1,21,0,1,7,D,,A,30,D
20243,05674782,1,9,0,1,3,D,,A,405,D
20243,05674892,1,19,0,1,1,D,1,D,117,D
20243,05674902,1,7,0,1,3,D,,A,300,D
20243,05675412,1,48,0,1,7,D,,A,5,D
20243,05675962,1,48,0,1,4,D,,A,20,D
20243,05676132,1,29,0,1,7,D,,A,10,D
20243,05676522,1,9,0,1,3,D,,A,81,D
20243,05676612,2,18,0,1,3,D,,A,510,D
20243,05677032,1,35,0,1,7,D,,A,5,D
20243,05677032,2,36,0,1,7,D,,A,5,D
20243,05677032,3,37,0,1,7,D,,A,5,D
20243,05677032,4,38,0,1,7,D,,A,5,D
20243,05677462,1,26,0,1,7,D,,A,50,D
20243,05678022,2,34,0,1,7,D,,A,805,D
20243,05679532,1,13,0,1,1,D,1,D,65,D
20243,05680242,1,43,0,1,7,D,,A,13,D
20243,05680382,2,24,0,1,,A,,A,199,F
20243,05680772,1,21,0,1,4,D,,A,10,D
20243,05680772,2,22,0,1,4,D,,A,5,D
20243,05680922,1,33,0,1,7,D,,A,10,D
20243,05681532,1,28,0,1,7,D,,A,10,D
20243,05681532,2,29,0,1,7,D,,A,10,D
20243,05681912,2,27,0,1,3,D,,A,15,D
20243,05682502,1,26,0,1,4,D,,A,10,D
20243,05682972,1,7,0,1,3,D,,A,300,D
20243,05682972,2,8,0,1,3,D,,A,150,D
20243,05683172,1,52,0,1,3,D,,A,120,D
20243,05683452,1,9,0,1,1,D,1,D,65,D
20243,05683492,31,31,0,1,7,D,,A,70,D
20243,05683502,1,13,0,1,3,D,,A,180,D
20243,05683574,1,25,0,1,7,D,,A,5,D
20243,05683992,1,66,0,1,7,D,,A,4,D
20243,05683992,4,67,0,1,7,D,,A,1,D
20243,05684022,1,7,0,1,3,D,,A,120,D
20243,05685952,4,27,0,1,7,D,,A,300,D
20243,05686262,1,7,0,1,3,D,,A,60,D
20243,05686282,1,9,0,1,3,D,,A,210,D
20243,05686282,3,10,0,1,3,D,,A,150,D
20243,05686282,4,11,0,1,3,D,,A,150,D
20243,05686292,1,20,0,1,3,D,,A,150,D
20243,05686382,2,15,0,1,3,D,,A,285,D
20243,05686702,1,16,0,1,3,D,,A,66,D
20243,05686842,1,6,0,1,3,D,,A,150,D
20243,05686902,1,12,0,1,4,D,,A,136,D
20243,05687702,1,27,0,1,4,D,,A,101,D
20243,05687742,2,28,0,1,,A,,A,164,F
20243,05687742,3,29,0,1,,A,,A,164,F
20243,05687742,5,30,0,1,,A,,A,164,F
20243,05688002,1,13,0,1,3,D,,A,120,D
20243,05688022,1,10,0,1,2,D,,A,130,D
20243,05688022,2,11,0,1,2,D,,A,130,D
20243,05688022,3,12,0,1,2,D,,A,195,D
20243,05688372,1,20,0,1,7,D,,A,10,D
20243,05688752,1,6,0,1,7,D,,A,50,D
20243,05688832,1,34,0,1,7,D,,A,87,D
20243,05688832,2,35,0,1,7,D,,A,87,D
20243,05688832,3,36,0,1,7,D,,A,87,D
20243,05688832,4,37,0,1,7,D,,A,87,D
20243,05689152,1,10,0,1,4,D,,A,1,D
20243,05796831,1,13,0,1,7,D,,A,12,D
20243,05796931,1,15,0,1,7,D,,A,9,D
20243,05797614,1,17,0,1,7,D,,A,7,D
20243,05797721,1,33,0,1,7,D,,A,3,D
20243,05798121,1,23,0,1,3,D,,A,45,D
20243,05798561,1,8,0,1,3,D,,A,21,D
20243,05798701,1,18,0,1,7,D,,A,25,D
20243,05798701,2,19,0,1,7,D,,A,25,D
20243,05798781,1,26,0,1,2,D,,A,78,D
20243,05799312,1,5,0,1,3,D,,A,300,D
20243,05799961,1,12,0,1,,A,,A,115,F
20243,05799961,3,13,0,1,3,D,,A,396,D
20243,05799961,4,14,0,1,3,D,,A,240,D
20243,05800141,1,23,0,1,1,D,1,D,39,D
20243,05800151,1,17,0,1,3,D,,A,120,D
20243,05800211,1,16,0,1,3,D,,A,90,D
20243,05800211,2,17,0,1,3,D,,A,90,D
20243,05800471,1,8,0,1,3,D,,A,135,D
20243,05800943,1,13,0,1,7,D,,A,10,D
20243,05801301,1,20,0,1,3,D,,A,450,D
20243,05801741,1,17,0,1,4,D,,A,540,D
20243,05801801,2,6,0,1,3,D,,A,396,D
20243,05802321,1,8,0,1,2,D,,A,78,D
20243,05802604,1,11,0,1,3,D,,A,270,D
20243,05802761,1,8,0,1,1,D,4,D,416,D
20243,05803041,1,28,0,1,3,D,,A,150,D
20243,05803281,1,27,0,1,1,D,5,D,195,D
20243,05803281,2,28,0,1,1,D,5,D,520,D
20243,05803281,3,29,0,1,3,D,,A,120,D
20243,05803651,1,13,0,1,7,D,,A,5,D
20243,05804191,1,16,0,1,3,D,,A,45,D
20243,05804241,1,36,0,1,3,D,,A,180,D
20243,05804691,2,22,0,1,3,D,,A,126,D
20243,05804761,1,11,0,1,3,D,,A,270,D
20243,05804761,3,12,0,1,3,D,,A,255,D
20243,05805301,1,20,0,1,3,D,,A,15,D
20243,05805301,2,21,0,1,3,D,,A,15,D
20243,05805331,1,9,0,1,2,D,,A,65,D
20243,05805561,1,23,0,1,4,D,,A,12,D
20243,05805561,2,24,0,1,4,D,,A,12,D
20243,05806821,1,26,0,1,1,D,1,D,65,D
20243,05806821,2,27,0,1,1,D,1,D,65,D
20243,05807301,1,31,0,1,7,D,,A,6,D
20243,05807333,1,9,0,1,3,D,,A,180,D
20243,05807361,1,14,0,1,3,D,,A,30,D
20243,05807411,1,7,0,1,,A,,A,164,F
20243,05807411,2,8,0,1,,A,,A,164,F
20243,05807681,1,16,0,1,7,D,,A,100,D
20243,05807841,2,20,0,1,3,D,,A,150,D
20243,05807861,1,17,0,1,3,D,,A,360,D
20243,05808311,1,14,0,1,2,D,,A,130,D
20243,05808371,1,12,0,1,3,D,,A,60,D
20243,05808861,1,8,0,1,4,D,,A,18,D
20243,05809211,3,25,0,1,2,D,,A,2125,T
20243,05809221,1,17,0,1,4,D,,A,45,D
20243,05809301,3,49,0,1,1,D,1,D,325,D
20243,05809951,1,14,0,1,4,D,,A,175,D
20243,05810281,3,29,0,1,3,D,,A,300,D
20243,05810471,1,55,0,1,3,D,,A,75,D
20243,05810471,2,56,0,1,3,D,,A,75,D
20243,05810741,1,14,0,1,3,D,,A,396,D
20243,05810741,3,15,0,1,2,D,,A,260,D
20243,05810741,4,16,0,1,2,D,,A,221,D
20243,05811821,1,12,0,1,7,D,,A,50,D
20243,05811821,2,13,0,1,7,D,,A,50,D
20243,05812241,1,23,0,1,3,D,,A,30,D
20243,05812781,1,40,0,1,7,D,,A,3,D
20243,05813291,1,20,0,1,3,D,,A,420,D
20243,05813311,1,12,0,1,3,D,,A,117,D
20243,05813621,2,11,0,1,3,D,,A,420,D
20243,05813821,1,6,0,1,6,D,,A,11,D
20243,05814241,1,10,0,1,3,D,,A,210,D
20243,05814471,1,10,0,1,2,D,,A,65,D
20243,05814701,1,13,0,1,7,D,,A,34,D
20243,05814701,3,14,0,1,7,D,,A,34,D
20243,05814701,4,15,0,1,7,D,,A,30,D
20243,05814701,5,16,0,1,7,D,,A,30,D
20243,05814861,1,29,0,1,3,D,,A,30,D
20243,05815064,1,19,0,1,1,D,6,D,156,D
20243,05815131,1,27,0,1,7,D,,A,55,D
20243,05815281,1,10,0,1,3,D,,A,90,D
20243,05815321,1,28,0,1,3,D,,A,180,D
20243,05815531,1,15,0,1,3,D,,A,60,D
20243,05815531,2,16,0,1,3,D,,A,120,D
20243,05815801,1,26,0,1,7,D,,A,40,D
20243,05815821,1,16,0,1,3,D,,A,150,D
20243,05816101,1,11,0,1,3,D,,A,90,D
20243,05816101,2,12,0,1,3,D,,A,60,D
20243,05817051,1,26,0,1,2,D,,A,195,D
20243,05817121,1,15,0,1,4,D,,A,150,D
20243,05817621,1,19,0,1,2,D,,A,91,D
20243,05817941,1,22,0,1,4,D,,A,20,D
20243,05817941,2,23,0,1,,C,,A,115,F
20243,05817971,3,22,0,1,3,D,,A,300,D
20243,05818401,1,38,0,1,7,D,,A,20,D
20243,05818461,1,13,0,1,3,D,,A,90,D
20243,05818461,2,14,0,1,3,D,,A,45,D
20243,05818461,3,15,0,1,3,D,,A,45,D
20243,05818501,1,6,0,1,2,D,,A,130,D
20243,05818801,1,26,0,1,1,D,1,D,260,D
20243,05818801,2,27,0,1,1,D,1,D,260,D
20243,05818801,3,28,0,1,1,D,1,D,260,D
20243,05818801,4,29,0,1,,A,,A,139,F
20243,05819001,1,40,0,1,1,D,1,D,273,D
20243,05819181,1,22,0,1,3,D,,A,60,D
20243,05819181,2,23,0,1,3,D,,A,60,D
20243,05819351,1,38,0,1,7,D,,A,75,D
20243,05819351,2,39,0,1,7,D,,A,75,D
20243,05819471,1,24,0,1,7,D,,A,5,D
20243,05819541,1,26,0,1,7,D,,A,33,D
20243,05819541,31,27,0,1,,A,,A,199,F
20243,05819691,1,27,0,1,7,D,,A,12,D
20243,05820391,1,15,0,1,3,D,,A,240,D
20243,05820431,1,20,0,1,2,D,,A,325,D
20243,05820574,1,7,0,1,3,D,,A,270,D
20243,05821061,3,13,0,1,1,D,5,D,390,D
20243,05821081,3,32,0,1,3,D,,A,600,D
20243,05821541,1,9,0,1,3,D,,A,45,D
20243,05822421,1,8,0,1,2,D,,A,260,D
20243,05823061,1,16,0,1,2,D,,A,429,D
20243,05823061,2,17,0,1,2,D,,A,156,D
20243,05823481,1,10,0,1,3,D,,A,600,D
20243,05823481,2,11,0,1,3,D,,A,30,D
20243,05823481,3,12,0,1,3,D,,A,30,D
20243,05823481,6,13,0,1,3,D,,A,30,D
20243,05823641,1,23,0,1,3,D,,A,75,D
20243,05823641,2,24,0,1,3,D,,A,75,D
20243,05823641,3,25,0,1,3,D,,A,75,D
20243,05824031,1,31,0,1,,A,,A,139,F
20243,05824031,2,32,0,1,,A,,A,139,F
20243,05824611,1,29,0,1,7,D,,A,90,D
20243,05824611,2,30,0,1,7,D,,A,90,D
20243,05824651,1,18,0,1,4,D,,A,40,D
20243,05824651,3,19,0,1,4,D,,A,60,D
20243,05824861,2,36,0,1,3,D,,A,90,D
20243,05824881,2,41,0,1,3,D,,A,750,D
20243,05825021,1,13,0,1,3,D,,A,36,D
20243,05825341,1,13,0,1,3,D,,A,360,D
20243,05826141,1,14,0,1,3,D,,A,450,D
20243,05826271,1,13,0,1,3,D,,A,21,D
20243,05826951,1,26,0,1,3,D,,A,150,D
20243,05826951,2,27,0,1,3,D,,A,150,D
20243,05826951,31,28,0,1,3,D,,A,150,D
20243,05827641,1,22,0,1,3,D,,A,900,D
20243,05828401,1,22,0,1,3,D,,A,30,D
20243,05828421,1,16,0,1,4,D,,A,25,D
20243,05828871,1,11,0,1,5,D,,A,5,D
20243,05829024,2,21,0,1,2,D,,A,520,D
20243,05829221,1,18,0,1,7,D,,A,14,D
20243,05829811,1,23,0,1,7,D,,A,375,D
20243,05829851,1,8,0,1,7,D,,A,5,D
20243,05829871,1,10,0,1,3,D,,A,300,D
20243,05829871,2,11,0,1,,A,,A,584,F
20243,05829871,3,12,0,1,3,D,,A,300,D
20244,05574004,1,26,0,1,3,D,,A,15,D
20244,05574004,2,27,0,1,3,D,,A,15,D
20244,05574294,1,21,0,1,7,D,,A,20,D
20244,05574324,2,33,0,1,3,D,,A,180,D
20244,05574354,1,30,0,1,7,D,,A,4,D
20244,05574354,2,31,0,1,7,D,,A,4,D
20244,05574474,1,30,0,1,7,D,,A,20,D
20244,05574474,2,31,0,1,7,D,,A,10,D
20244,05574644,1,44,0,1,3,D,,A,174,D
20244,05574844,1,38,0,1,3,D,,A,45,D
20244,05575414,2,38,0,1,7,D,,A,70,D
20244,05575524,1,6,0,1,3,D,,A,258,D
20244,05575524,2,7,0,1,3,D,,A,258,D
20244,05575894,1,21,0,1,2,D,,A,130,D
20244,05576024,1,19,0,1,3,D,,A,225,D
20244,05576504,1,45,0,1,7,D,,A,10,D
20244,05576504,2,46,0,1,7,D,,A,10,D
20244,05576624,1,6,0,1,3,D,,A,120,D
20244,05576894,1,15,0,1,3,D,,A,45,D
20244,05577304,1,13,0,1,3,D,,A,45,D
20244,05577304,2,14,0,1,3,D,,A,45,D
20244,05578174,1,8,0,1,3,D,,A,60,D
20244,05578224,2,44,0,1,7,D,,A,26,D
20244,05578734,1,19,0,1,3,D,,A,9,D
20244,05579094,1,19,0,1,7,D,,A,20,D
20244,05579124,1,30,0,1,7,D,,A,80,D
20244,05579814,3,30,0,1,7,D,,A,8,D
20244,05580284,1,9,0,1,3,D,,A,60,D
20244,05580554,1,25,0,1,4,D,,A,25,D
20244,05580614,1,34,0,1,7,D,,A,8,D
20244,05580614,2,35,0,1,7,D,,A,8,D
20244,05580614,3,36,0,1,7,D,,A,8,D
20244,05580614,4,37,0,1,7,D,,A,8,D
20244,05580614,5,38,0,1,7,D,,A,8,D
20244,05580994,1,40,0,1,3,D,,A,150,D
20244,05580994,2,41,0,1,4,D,,A,700,D
20244,05580994,3,42,0,1,3,D,,A,150,D
20244,05582434,1,21,0,1,4,D,,A,80,D
20244,05583004,1,29,0,1,7,D,,A,10,D
20244,05583004,2,30,0,1,7,D,,A,10,D
20244,05583124,1,26,0,1,7,D,,A,9,D
20244,05583134,1,33,0,1,3,D,,A,60,D
20244,05583134,2,34,0,1,3,D,,A,396,D
20244,05583134,3,35,0,1,2,D,,A,390,D
20244,05583134,5,36,0,1,2,D,,A,390,D
20244,05583314,1,15,0,1,3,D,,A,150,D
20244,05583394,1,28,0,1,7,D,,A,50,D
20244,05583534,1,9,0,1,3,D,,A,30,D
20244,05583844,1,30,0,1,7,D,,A,3,D
20244,05583974,1,12,0,1,3,D,,A,60,D
20244,05583974,3,13,0,1,3,D,,A,60,D
20244,05584144,1,7,0,1,3,D,,A,270,D
20244,05584244,2,52,0,1,4,D,,A,140,D
20244,05584404,2,44,0,1,7,D,,A,6,D
20244,05584604,1,30,0,1,7,D,,A,14,D
20244,05584864,1,44,0,1,7,D,,A,12,D
20244,05584864,2,45,0,1,7,D,,A,12,D
20244,05584864,3,46,0,1,7,D,,A,12,D
20244,05584864,4,47,0,1,7,D,,A,12,D
20244,05584864,5,48,0,1,7,D,,A,12,D
20244,05585044,32,20,0,1,,A,,A,143,F
20244,05585224,1,19,0,1,2,D,,A,195,D
20244,05585404,1,26,0,1,3,D,,A,420,D
20244,05585614,1,6,0,1,2,D,,A,130,D
20244,05585864,4,44,0,1,7,D,,A,11,D
20244,05586064,1,13,0,1,4,D,,A,40,D
20244,05587154,1,29,0,1,3,D,,A,360,D
20244,05587164,1,10,0,1,3,D,,A,396,D
20244,05587164,2,11,0,1,3,D,,A,396,D
20244,05587394,1,19,0,1,7,D,,A,10,D
20244,05588074,1,18,0,1,3,D,,A,30,D
20244,05588694,1,21,0,1,4,D,,A,10,D
20244,05588694,2,22,0,1,4,D,,A,10,D
20244,05589034,1,28,0,1,7,D,,A,6,D
20244,05589264,1,15,0,1,3,D,,A,15,D
20244,05589264,2,16,0,1,3,D,,A,15,D
20244,05589334,1,9,0,1,3,D,,A,150,D
20244,05589534,1,9,0,1,3,D,,A,30,D
20244,05590244,1,16,0,1,2,D,,A,65,D
20244,05590264,2,18,0,1,5,D,,A,30,D
20244,05590864,1,10,0,1,3,D,,A,60,D
20244,05591054,1,28,0,1,3,D,,A,450,D
20244,05591314,1,37,0,1,3,D,,A,75,D
20244,05591714,1,6,0,1,4,D,,A,50,D
20244,05592004,1,25,0,1,7,D,,A,15,D
20244,05592004,2,26,0,1,7,D,,A,15,D
20244,05592004,3,27,0,1,,A,,A,243,F
20244,05592234,1,14,0,1,3,D,,A,660,D
20244,05592284,1,19,0,1,3,D,,A,30,D
20244,05592414,1,12,0,1,2,D,,A,195,D
20244,05592464,1,56,0,1,4,D,,A,20,D
20244,05592834,1,20,0,1,1,D,2,D,156,D
20244,05593794,1,10,0,1,3,D,,A,48,D
20244,05593834,1,21,0,1,3,D,,A,240,D
20244,05595714,1,9,0,1,2,D,,A,260,D
20244,05595714,3,10,0,1,2,D,,A,130,D
20244,05595954,1,9,0,1,3,D,,A,60,D
20244,05595984,32,59,0,2,3,D,,A,12,D
20244,05596224,1,15,0,1,2,D,,A,221,D
20244,05596224,2,16,0,1,2,D,,A,221,D
20244,05596254,2,22,0,1,2,D,,A,260,D
20244,05596284,1,22,0,1,3,D,,A,300,D
20244,05596534,1,34,0,1,7,D,,A,47,D
20244,05597084,1,23,0,1,7,D,,A,2,D
20244,05597124,1,7,0,1,3,D,,A,180,D
20244,05597134,1,16,0,1,2,D,,A,312,D
20244,05597134,31,17,0,1,7,D,,A,115,D
20244,05597214,1,60,0,1,7,D,,A,12,D
20244,05597344,1,19,0,1,3,D,,A,90,D
20244,05597344,3,20,0,1,,A,,A,162,F
20244,05598724,1,18,0,1,3,D,,A,30,D
20244,05599244,1,37,0,1,4,D,,A,10,D
20244,05599564,1,26,0,1,7,D,,A,12,D
20244,05599924,1,41,0,1,7,D,,A,21,D
20244,05599924,2,42,0,1,7,D,,A,21,D
20244,05600444,5,20,0,1,1,D,5,D,130,D
20244,05601224,2,23,0,1,,A,,A,100,F
20244,05601224,3,24,0,1,,A,,A,100,F
20244,05601224,4,25,0,1,,A,,A,100,F
20244,05601224,5,26,0,1,,A,,A,100,F
20244,05601534,1,28,0,1,1,D,3,D,234,D
20244,05601534,2,29,0,1,,A,,A,259,F
20244,05601944,1,7,0,1,2,D,,A,273,D
20244,05601944,2,8,0,1,2,D,,A,273,D
20244,05601944,5,9,0,1,2,D,,A,195,D
20244,05602994,1,14,0,1,3,D,,A,105,D
20244,05603354,1,30,0,1,3,D,,A,90,D
20244,05603354,2,31,0,1,3,D,,A,45,D
20244,05603354,3,32,0,1,3,D,,A,3,D
20244,05603354,4,33,0,1,3,D,,A,3,D
20244,05603494,1,24,0,1,3,D,,A,990,D
20244,05604544,1,35,0,1,3,D,,A,90,D
20244,05604544,2,36,0,1,3,D,,A,90,D
20244,05604904,1,25,0,1,3,D,,A,60,D
20244,05605194,1,24,0,1,3,D,,A,225,D
20244,05605194,2,25,0,1,3,D,,A,225,D
20244,05606944,1,17,0,1,7,D,,A,4,D
20244,05607034,1,25,0,1,5,D,,A,15,D
20244,05607924,1,29,0,1,2,D,,A,260,D
20244,05654833,1,32,0,1,7,D,,A,36,D
20244,05656343,2,34,0,1,3,D,,A,300,D
20244,05656803,1,8,0,1,,A,,A,163,F
20244,05657203,1,23,0,1,7,D,,A,12,D
20244,05657553,1,26,0,1,7,D,,A,12,D
20244,05657553,2,27,0,1,7,D,,A,12,D
20244,05657763,1,7,0,1,3,D,,A,9,D
20244,05658643,1,24,0,1,3,D,,A,90,D
20244,05659073,3,69,0,1,7,D,,A,60,D
20244,05659073,31,70,0,1,,A,,A,162,F
20244,05659203,5,40,0,1,1,D,1,D,65,D
20244,05659413,1,11,0,1,3,D,,A,405,D
20244,05660653,1,8,0,1,2,D,,A,39,D
20244,05660923,1,8,0,1,2,D,,A,91,D
20244,05661053,1,18,0,1,4,D,,A,60,D
20244,05661053,31,19,0,1,4,D,,A,60,D
20244,05661153,1,22,0,1,7,D,,A,350,D
20244,05661233,1,26,0,1,3,D,,A,45,D
20244,05661233,2,27,0,1,3,D,,A,330,D
20244,05661793,1,21,0,1,4,D,,A,60,D
20244,05662133,1,5,0,1,3,D,,A,300,D
20244,05662143,1,32,0,1,7,D,,A,1,D
20244,05662143,31,33,0,1,7,D,,A,2,D
20244,05662463,1,6,0,1,,A,,A,143,F
20244,05662623,1,23,0,1,3,D,,A,45,D
20244,05663213,1,20,0,1,3,D,,A,285,D
20244,05663293,1,12,0,1,3,D,,A,30,D
20244,05663293,2,13,0,1,3,D,,A,60,D
20244,05663603,1,26,0,1,3,D,,A,60,D
20244,05663873,1,13,0,1,3,D,,A,6,D
20244,05663923,1,30,0,1,7,D,,A,8,D
20244,05663923,2,31,0,1,7,D,,A,7,D
20244,05664753,2,36,0,1,4,D,,A,600,D
20244,05664853,2,29,0,1,2,D,,A,780,D
20244,05664913,1,16,0,1,7,D,,A,8,D
20244,05665023,1,15,0,1,7,D,,A,40,D
20244,05665123,1,15,0,1,4,D,,A,25,D
20244,05665123,2,16,0,1,4,D,,A,10,D
20244,05665223,1,55,0,1,3,D,,A,60,D
20244,05665233,1,55,0,1,7,D,,A,50,D
20244,05665333,1,30,0,1,3,D,,A,60,D
20244,05665403,2,37,0,1,4,D,,A,20,D
20244,05665953,1,41,0,1,3,D,,A,570,D
20244,05666853,1,17,0,1,3,D,,A,384,D
20244,05666853,2,18,0,1,3,D,,A,384,D
20244,05666904,1,14,0,1,3,D,,A,318,D
20244,05667483,2,36,0,1,1,D,1,D,130,D
20244,05667483,31,37,0,1,1,D,1,D,65,D
20244,05667673,1,13,0,1,3,D,,A,150,D
20244,05667793,1,15,0,1,3,D,,A,396,D
20244,05668683,1,33,0,1,7,D,,A,15,D
20244,05668723,1,81,0,1,7,D,,A,4,D
20244,05668723,3,82,0,1,7,D,,A,4,D
20244,05668723,31,83,0,1,7,D,,A,4,D
20244,05669103,1,41,0,1,3,D,,A,300,D
20244,05669403,2,20,0,1,2,D,,A,312,D
20244,05669533,1,18,0,1,3,D,,A,900,D
20244,05669943,1,30,0,1,3,D,,A,396,D
20244,05669943,3,31,0,1,3,D,,A,228,D
20244,05670003,1,23,0,1,3,D,,A,75,D
20244,05670143,2,36,0,1,3,D,,A,144,D
20244,05670833,1,7,0,1,6,D,,A,11,D
20244,05670963,1,14,0,1,7,D,,A,8,D
20244,05671273,1,21,0,1,7,D,,A,200,D
20244,05671273,2,22,0,1,7,D,,A,200,D
20244,05672243,1,7,0,1,3,D,,A,390,D
20244,05672703,1,6,0,1,3,D,,A,96,D
20244,05673073,1,13,0,1,2,D,,A,221,D
20244,05673433,1,30,0,1,3,D,,A,552,D
20244,05673773,1,10,0,1,4,D,,A,500,D
20244,05674223,1,29,0,1,2,D,,A,143,D
20244,05674223,2,30,0,1,2,D,,A,143,D
20244,05674223,3,31,0,1,3,D,,A,15,D
20244,05674583,3,27,0,1,2,D,,A,312,D
20244,05674773,1,18,0,1,7,D,,A,30,D
20244,05674893,1,19,0,1,4,D,,A,120,D
20244,05674903,1,7,0,1,1,D,3,D,312,D
20244,05675203,1,34,0,1,7,D,,A,25,D
20244,05675203,2,35,0,1,7,D,,A,25,D
20244,05675413,1,45,0,1,4,D,,A,20,D
20244,05675653,1,10,0,1,2,D,,A,26,D
20244,05675883,1,16,0,1,4,D,,A,100,D
20244,05676023,2,23,0,1,3,D,,A,84,D
20244,05676133,1,38,0,1,3,D,,A,60,D
20244,05676523,1,8,0,1,3,D,,A,81,D
20244,05676563,1,24,0,1,7,D,,A,40,D
20244,05677033,2,31,0,1,1,D,1,D,156,D
20244,05677033,4,32,0,1,1,D,1,D,156,D
20244,05677193,1,19,0,1,3,D,,A,30,D
20244,05677463,4,25,0,1,3,D,,A,132,D
20244,05678023,1,36,0,1,7,D,,A,50,D
20244,05678023,2,37,0,1,7,D,,A,50,D
20244,05678053,1,9,0,1,3,D,,A,285,D
20244,05679283,1,27,0,1,4,D,,A,6,D
20244,05679423,1,38,0,1,7,D,,A,35,D
20244,05679423,2,39,0,1,7,D,,A,35,D
20244,05680633,1,25,0,1,3,D,,A,75,D
20244,05681053,1,24,0,1,3,D,,A,150,D
20244,05681413,1,35,0,1,7,D,,A,3,D
20244,05681413,2,36,0,1,7,D,,A,2,D
20244,05682373,1,11,0,1,3,D,,A,180,D
20244,05682553,1,8,0,1,3,D,,A,15,D
20244,05683173,2,44,0,1,4,D,,A,54,D
20244,05683173,3,45,0,1,4,D,,A,54,D
20244,05683503,1,19,0,1,3,D,,A,180,D
20244,05683893,1,22,0,1,7,D,,A,29,D
20244,05684023,1,8,0,1,3,D,,A,120,D
20244,05685293,1,21,0,1,3,D,,A,90,D
20244,05685603,1,25,0,1,7,D,,A,5,D
20244,05686013,1,31,0,1,4,D,,A,11,D
20244,05686013,2,32,0,1,4,D,,A,11,D
20244,05686013,3,33,0,1,4,D,,A,11,D
20244,05686263,1,7,0,1,3,D,,A,135,D
20244,05686283,1,12,0,1,3,D,,A,348,D
20244,05686283,3,13,0,1,3,D,,A,60,D
20244,05686703,1,14,0,1,3,D,,A,69,D
20244,05686843,1,9,0,1,3,D,,A,300,D
20244,05686843,2,10,0,1,4,D,,A,50,D
20244,05686903,1,14,0,1,3,D,,A,150,D
20244,05687473,1,18,0,1,3,D,,A,180,D
20244,05687673,1,10,0,1,2,D,,A,819,D
20244,05687703,1,35,0,1,4,D,,A,257,D
20244,05687743,2,26,0,1,,A,,A,143,F
20244,05687743,3,27,0,1,,A,,A,143,F
20244,05687743,4,28,0,1,,A,,A,143,F
20244,05688023,1,21,0,1,3,D,,A,180,D
20244,05688313,1,7,0,1,2,D,,A,195,D
20244,05688363,1,16,0,1,7,D,,A,36,D
20244,05688373,1,23,0,1,7,D,,A,10,D
20244,05688833,1,28,0,1,7,D,,A,25,D
20244,05688833,3,29,0,1,7,D,,A,25,D
20244,05688833,4,30,0,1,7,D,,A,25,D
20244,05797102,1,17,0,1,7,D,,A,3,D
20244,05797292,1,9,0,1,3,D,,A,30,D
20244,05797362,1,28,0,1,3,D,,A,9,D
20244,05798782,1,39,0,1,2,D,,A,78,D
20244,05799313,1,7,0,1,2,D,,A,312,D
20244,05799752,1,32,0,1,7,D,,A,7,D
20244,05799752,2,33,0,1,7,D,,A,7,D
20244,05799922,1,58,0,1,7,D,,A,20,D
20244,05799922,3,59,0,1,7,D,,A,20,D
20244,05799962,1,19,0,1,2,D,,A,195,D
20244,05799962,3,20,0,1,3,D,,A,198,D
20244,05799962,4,21,0,1,3,D,,A,198,D
20244,05800152,1,23,0,1,3,D,,A,75,D
20244,05800152,2,24,0,1,3,D,,A,75,D
20244,05800472,1,8,0,1,3,D,,A,300,D
20244,05800532,1,11,0,1,7,D,,A,30,D
20244,05800532,2,12,0,1,7,D,,A,30,D
20244,05800532,3,13,0,1,7,D,,A,30,D
20244,05800932,1,11,0,1,3,D,,A,75,D
20244,05800932,2,12,0,1,3,D,,A,75,D
20244,05801492,1,11,0,1,3,D,,A,60,D
20244,05801574,2,21,0,1,,A,,A,162,F
20244,05801574,31,22,0,1,,A,,A,162,F
20244,05801584,1,11,0,1,3,D,,A,300,D
20244,05801584,2,12,0,1,3,D,,A,300,D
20244,05801682,1,25,0,1,7,D,,A,40,D
20244,05801742,1,19,0,1,4,D,,A,450,D
20244,05802062,2,48,0,1,6,D,,A,56,D
20244,05802112,1,40,0,1,3,D,,A,48,D
20244,05802322,1,13,0,1,3,D,,A,30,D
20244,05803652,1,12,0,1,7,D,,A,5,D
20244,05803662,1,17,0,1,3,D,,A,150,D
20244,05803662,2,18,0,1,3,D,,A,300,D
20244,05804092,1,37,0,1,7,D,,A,18,D
20244,05804192,1,18,0,1,3,D,,A,45,D
20244,05804242,1,34,0,1,3,D,,A,180,D
20244,05804532,1,12,0,1,3,D,,A,75,D
20244,05804692,1,38,0,1,7,D,,A,21,D
20244,05804692,2,39,0,1,7,D,,A,21,D
20244,05804712,1,36,0,1,2,D,,A,117,D
20244,05804712,2,37,0,1,2,D,,A,117,D
20244,05804982,1,6,0,1,4,D,,A,100,D
20244,05805642,1,30,0,1,3,D,,A,60,D
20244,05805642,2,31,0,1,3,D,,A,150,D
20244,05805642,3,32,0,1,3,D,,A,390,D
20244,05805642,4,33,0,1,,A,,A,259,F
20244,05805642,5,34,0,1,3,D,,A,180,D
20244,05805972,1,20,0,1,3,D,,A,336,D
20244,05806943,1,5,0,1,4,D,,A,11,D
20244,05807042,1,41,0,1,3,D,,A,12,D
20244,05807042,2,42,0,1,3,D,,A,12,D
20244,05807302,1,54,0,1,7,D,,A,2,D
20244,05807462,1,36,0,1,7,D,,A,13,D
20244,05807462,2,37,0,1,7,D,,A,13,D
20244,05807842,2,27,0,1,3,D,,A,150,D
20244,05807932,1,12,0,1,,A,,A,143,F
20244,05807932,4,13,0,1,,A,,A,143,F
20244,05808642,1,73,0,1,7,D,,A,20,D
20244,05808792,1,14,0,1,3,D,,A,300,D
20244,05809252,1,26,0,1,3,D,,A,30,D
20244,05809742,1,14,0,1,7,D,,A,30,D
20244,05810742,1,26,0,1,2,D,,A,325,D
20244,05810742,3,27,0,1,2,D,,A,260,D
20244,05810742,4,28,0,1,3,D,,A,180,D
20244,05811662,1,34,0,1,3,D,,A,831,D
20244,05811662,3,35,0,1,3,D,,A,831,D
20244,05811842,1,27,0,1,4,D,,A,3,D
20244,05813172,1,12,0,1,3,D,,A,51,D
20244,05813292,1,18,0,1,3,D,,A,300,D
20244,05813312,1,22,0,1,3,D,,A,105,D
20244,05813822,2,10,0,1,3,D,,A,240,D
20244,05813822,4,11,0,1,3,D,,A,240,D
20244,05813822,5,12,0,1,3,D,,A,240,D
20244,05814042,1,15,0,1,3,D,,A,198,D
20244,05814042,2,16,0,1,3,D,,A,198,D
20244,05814202,1,22,0,1,3,D,,A,360,D
20244,05814202,2,23,0,1,3,D,,A,360,D
20244,05814242,1,20,0,1,3,D,,A,240,D
20244,05814612,1,6,0,1,3,D,,A,270,D
20244,05815282,1,7,0,1,3,D,,A,261,D
20244,05815322,1,27,0,1,3,D,,A,66,D
20244,05815432,1,12,0,1,3,D,,A,144,D
20244,05815532,1,16,0,1,7,D,,A,15,D
20244,05815722,1,23,0,1,7,D,,A,10,D
20244,05815722,2,24,0,1,7,D,,A,10,D
20244,05815802,1,26,0,1,7,D,,A,40,D
20244,05815822,1,14,0,1,3,D,,A,150,D
20244,05815852,1,21,0,1,7,D,,A,24,D
20244,05816102,1,15,0,1,3,D,,A,90,D
20244,05816952,1,19,0,1,3,D,,A,150,D
20244,05817122,1,35,0,1,4,D,,A,195,D
20244,05817702,1,39,0,1,3,D,,A,600,D
20244,05817942,1,26,0,1,3,D,,A,135,D
20244,05817942,2,27,0,1,3,D,,A,135,D
20244,05817972,3,32,0,1,3,D,,A,225,D
20244,05818022,1,19,0,1,7,D,,A,20,D
20244,05818322,1,37,0,1,7,D,,A,14,D
20244,05818322,2,38,0,1,7,D,,A,14,D
20244,05818462,1,20,0,1,3,D,,A,30,D
20244,05818462,2,21,0,1,3,D,,A,30,D
20244,05818462,3,22,0,1,3,D,,A,30,D
20244,05818922,1,11,0,1,4,D,,A,150,D
20244,05819182,2,33,0,1,4,D,,A,21,D
20244,05820392,1,24,0,1,3,D,,A,420,D
20244,05821062,1,17,0,1,2,D,,A,195,D
20244,05821062,3,18,0,1,2,D,,A,390,D
20244,05821082,3,36,0,1,3,D,,A,480,D
20244,05821312,1,14,0,1,7,D,,A,5,D
20244,05822422,1,10,0,1,3,D,,A,60,D
20244,05822442,1,18,0,1,3,D,,A,150,D
20244,05822553,1,16,0,1,4,D,,A,20,D
20244,05822592,1,25,0,1,7,D,,A,65,D
20244,05822592,2,26,0,1,7,D,,A,65,D
20244,05822592,3,27,0,1,7,D,,A,65,D
20244,05822592,4,28,0,1,7,D,,A,65,D
20244,05822602,1,24,0,1,7,D,,A,24,D
20244,05823062,1,23,0,1,2,D,,A,442,D
20244,05823642,1,40,0,1,4,D,,A,2,D
20244,05823642,2,41,0,1,4,D,,A,2,D
20244,05823642,3,42,0,1,4,D,,A,2,D
20244,05824882,2,46,0,1,3,D,,A,900,D
20244,05825232,1,37,0,1,7,D,,A,20,D
20244,05825232,2,38,0,1,7,D,,A,20,D
20244,05825782,1,14,0,1,4,D,,A,10,D
20244,05825802,1,7,0,1,3,D,,A,60,D
20244,05825952,1,29,0,1,4,D,,A,10,D
20244,05826142,1,9,0,1,2,D,,A,130,D
20244,05826512,1,9,0,1,2,D,,A,195,D
20244,05826582,1,48,0,1,7,D,,A,70,D
20244,05826852,1,13,0,1,2,D,,A,260,D
20244,05827642,1,42,0,1,3,D,,A,1242,D
20244,05828402,1,25,0,1,4,D,,A,40,D
20244,05828422,1,22,0,1,4,D,,A,15,D
20244,05828482,1,7,0,1,3,D,,A,135,D
20244,05828762,3,16,0,1,2,D,,A,546,D
20244,05828872,1,13,0,1,7,D,,A,10,D
20244,05829872,1,15,0,1,3,D,,A,294,D
20244,05829872,3,16,0,1,3,D,,A,294,D
20244,05829952,1,7,0,1,3,D,,A,60,D
20244,05830141,1,25,0,1,7,D,,A,96,D
20244,05830141,3,26,0,1,7,D,,A,48,D
20244,05830141,4,27,0,1,7,D,,A,48,D
20244,05830141,31,28,0,1,,A,,A,259,F
20244,05830951,1,8,0,1,4,D,,A,750,D
20244,05830981,1,8,0,1,3,D,,A,90,D
20244,05831101,1,23,0,1,1,D,1,D,26,D
20244,05831481,3,21,0,1,3,D,,A,474,D
20244,05831481,4,22,0,1,3,D,,A,474,D
20244,05831811,1,45,0,1,7,D,,A,13,D
20244,05832391,1,50,0,1,3,D,,A,120,D
20244,05832391,2,51,0,1,3,D,,A,396,D
20244,05832391,3,52,0,1,3,D,,A,60,D
20244,05832391,4,53,0,1,3,D,,A,60,D
20244,05833101,1,9,0,1,3,D,,A,300,D
20244,05833361,31,54,0,1,3,D,,A,60,D
20244,05834161,1,12,0,1,2,D,,A,130,D
20244,05834291,2,23,0,1,3,D,,A,183,D
20244,05834312,1,14,0,1,7,D,,A,20,D
20244,05834371,2,13,0,1,2,D,,A,910,D
20244,05834741,1,8,0,1,3,D,,A,90,D
20244,05834741,2,9,0,1,3,D,,A,90,D
20244,05834773,1,7,0,1,3,D,,A,45,D
20244,05835141,1,14,0,1,4,D,,A,50,D
20244,05835511,1,9,0,1,3,D,,A,90,D
20244,05835531,1,20,0,1,3,D,,A,15,D
20244,05835531,2,21,0,1,3,D,,A,15,D
20244,05835541,1,22,0,1,3,D,,A,45,D
20244,05835781,1,10,0,1,3,D,,A,240,D
20244,05836721,3,11,0,1,3,D,,A,30,D
20244,05836981,1,44,0,1,7,D,,A,5,D
20244,05837161,3,10,0,1,3,D,,A,150,D
20244,05837891,31,45,0,1,7,D,,A,75,D
20244,05838321,3,10,0,1,,A,,A,163,F
20244,05838501,2,18,0,1,2,D,,A,390,D
20244,05838501,3,19,0,1,,A,,A,100,F
20244,05838652,1,12,0,1,4,D,,A,60,D
20244,05838761,1,10,0,1,,A,,A,259,F
20244,05839301,1,30,0,1,7,D,,A,4,D
20244,05839411,1,20,0,1,3,D,,A,90,D
20244,05839411,2,21,0,1,3,D,,A,270,D
20244,05839631,1,22,0,1,2,D,,A,325,D
20244,05840091,1,7,0,1,2,D,,A,234,D
20244,05840111,2,7,0,1,2,D,,A,299,D
20244,05840111,3,8,0,1,2,D,,A,130,D
20244,05840401,1,14,0,1,1,D,5,D,260,D
20244,05840671,1,13,0,1,4,D,,A,180,D
20244,05841631,1,43,0,1,3,D,,A,12,D
20244,05841661,1,26,0,1,7,D,,A,50,D
20244,05841751,1,37,0,1,3,D,,A,225,D
20244,05841981,1,9,0,1,3,D,,A,750,D
20244,05841981,2,10,0,1,3,D,,A,750,D
20244,05841981,3,11,0,1,,A,,A,243,F
20244,05841981,4,12,0,1,,A,,A,243,F
20244,05842031,1,25,0,1,7,D,,A,75,D
20244,05842031,2,26,0,1,,A,,A,153,F
20244,05842401,2,33,0,1,4,D,,A,250,D
20244,05842621,1,10,0,1,3,D,,A,522,D
20244,05843331,1,18,0,1,3,D,,A,186,D
20244,05843551,1,16,0,1,2,D,,A,559,D
20244,05843791,1,25,0,1,7,D,,A,7,D
20244,05843911,1,11,0,1,3,D,,A,60,D
20244,05843951,1,24,0,1,7,D,,A,75,D
20244,05843951,2,25,0,1,7,D,,A,75,D
20244,05844131,1,9,0,1,3,D,,A,180,D
20244,05844131,2,10,0,1,3,D,,A,180,D
20244,05844252,2,15,0,1,3,D,,A,90,D
20244,05844252,3,16,0,1,3,D,,A,162,D
20244,05844911,4,34,0,1,7,D,,A,15,D
20244,05844961,1,29,0,1,3,D,,A,60,D
20244,05844971,1,11,0,1,3,D,,A,300,D
20244,05844971,2,12,0,1,,A,,A,153,F
20244,05844971,3,13,0,1,,A,,A,153,F
20244,05844971,4,14,0,1,,A,,A,153,F
20244,05845131,2,24,0,1,3,D,,A,3,D
20244,05845241,2,38,0,1,7,D,,A,8,D
20244,05845391,1,19,0,1,7,D,,A,12,D
20244,05845941,2,28,0,1,3,D,,A,114,D
20244,05846143,1,20,0,1,3,D,,A,15,D
20244,05846221,1,6,0,1,3,D,,A,270,D
20244,05846671,2,28,0,1,7,D,,A,7,D
20244,05846821,1,11,0,1,3,D,,A,30,D
20244,05846881,1,25,0,1,7,D,,A,3,D
20244,05846881,2,26,0,1,7,D,,A,3,D
20244,05846911,1,35,0,1,7,D,,A,3,D
20244,05847093,1,21,0,1,3,D,,A,360,D
20244,05847093,3,22,0,1,2,D,,A,442,D
20244,05847311,1,28,0,1,3,D,,A,240,D
20244,05847311,2,29,0,1,,A,,A,162,F
20244,05847781,1,26,0,1,3,D,,A,390,D
20244,05847781,2,27,0,1,3,D,,A,390,D
20244,05847781,3,28,0,1,3,D,,A,390,D
20244,05848013,1,24,0,1,3,D,,A,30,D
20244,05848081,1,25,0,1,7,D,,A,15,D
20244,05848081,2,26,0,1,7,D,,A,15,D
20244,05848271,1,14,0,1,7,D,,A,10,D
20244,05848661,1,13,0,1,3,D,,A,108,D
20244,05848701,1,7,0,1,3,D,,A,195,D
20244,05849251,1,40,0,1,7,D,,A,5,D
20244,05849251,2,41,0,1,7,D,,A,5,D
20244,05849371,1,25,0,1,2,D,,A,520,D
20244,05849381,1,17,0,1,2,D,,A,455,D
20244,05849801,1,31,0,1,7,D,,A,150,D
20244,05849801,2,32,0,1,7,D,,A,150,D
20244,05849841,1,12,0,1,4,D,,A,48,D
20244,05851021,2,18,0,1,1,D,5,D,130,D
20244,05851601,1,24,0,1,7,D,,A,7,D
20244,05851601,2,25,0,1,7,D,,A,7,D
20244,05851601,3,26,0,1,7,D,,A,7,D
20244,05851601,4,27,0,1,7,D,,A,7,D
20244,05851801,1,19,0,1,7,D,,A,30,D
20244,05852021,3,31,0,1,7,D,,A,50,D
20244,05852681,1,26,0,1,3,D,,A,120,D
20244,05853111,1,35,0,1,3,D,,A,150,D
20244,05853111,3,36,0,1,,A,,A,143,F
20244,05853201,2,47,0,1,7,D,,A,23,D
20244,05853771,1,46,0,1,7,D,,A,30,D
20244,05854291,1,26,0,1,3,D,,A,75,D
20244,05854581,1,27,0,1,7,D,,A,243,F
20244,05854581,2,28,0,1,7,D,,A,243,F
20244,05854681,1,9,0,1,3,D,,A,150,D
20244,05854761,1,38,0,1,7,D,,A,35,D
20244,05854761,2,39,0,1,7,D,,A,35,D
20244,05854761,3,40,0,1,7,D,,A,2,D
20244,05855051,2,19,0,1,3,D,,A,240,D
20244,05855231,3,13,0,1,3,D,,A,120,D
20244,05855251,1,6,0,1,2,D,,A,260,D
20244,05855281,2,18,0,1,4,D,,A,200,D
20244,05855301,3,28,0,1,3,D,,A,90,D
20244,05855611,1,15,0,1,7,D,,A,30,D
20244,05855611,2,16,0,1,7,D,,A,30,D
20244,05857901,1,11,0,1,6,D,,A,11,D
20244,05857971,3,18,0,1,2,D,,A,325,D
20244,05858131,1,18,0,1,3,D,,A,150,D
20244,05858481,1,25,0,1,7,D,,A,20,D
20244,05858491,1,25,0,1,4,D,,A,50,D
20244,05858541,1,24,0,1,2,D,,A,416,D
20244,05858541,2,25,0,1,2,D,,A,416,D
20244,05858541,4,26,0,1,2,D,,A,416,D
20244,05858771,1,10,0,1,3,D,,A,72,D
20244,05858771,2,11,0,1,3,D,,A,135,D
20244,05860481,1,27,0,1,2,D,,A,195,D
20244,05860991,1,18,0,1,3,D,,A,42,D
20244,05861421,1,23,0,1,3,D,,A,60,D
20244,05861651,1,10,0,1,1,D,5,D,260,D
20244,05861741,1,15,0,1,7,D,,A,220,D
20244,05861771,1,27,0,1,3,D,,A,246,D
20244,05861921,1,13,0,1,3,D,,A,1350,D
20244,05861921,3,14,0,1,3,D,,A,360,D
20244,05863221,1,29,0,1,3,D,,A,15,D
20244,05863221,2,30,0,1,3,D,,A,15,D
20244,05863794,1,36,0,1,3,D,,A,30,D
20244,05863821,1,26,0,1,7,D,,A,20,D
20244,05863821,2,27,0,1,7,D,,A,20,D
20244,05864571,1,20,0,1,3,D,,A,45,D
20244,05864571,2,21,0,1,3,D,,A,45,D
20244,05864571,3,22,0,1,3,D,,A,45,D
20244,05864821,1,10,0,1,4,D,,A,20,D
20251,05654834,1,32,0,1,7,D,,A,4,D
20251,05655174,1,27,0,1,5,D,,A,45,D
20251,05655174,2,28,0,1,5,D,,A,45,D
20251,05656114,2,35,0,1,4,D,,A,10,D
20251,05656344,2,39,0,1,3,D,,A,105,D
20251,05656364,1,19,0,1,7,D,,A,125,D
20251,05656364,2,20,0,1,7,D,,A,125,D
20251,05656834,1,27,0,1,2,D,,A,494,D
20251,05657204,1,21,0,1,7,D,,A,20,D
20251,05657764,1,7,0,1,3,D,,A,9,D
20251,05658644,1,27,0,1,3,D,,A,30,D
20251,05658644,2,28,0,1,3,D,,A,30,D
20251,05659074,3,76,0,1,7,D,,A,30,D
20251,05659314,1,27,0,1,7,D,,A,2,D
20251,05659884,1,8,0,1,3,D,,A,30,D
20251,05660654,1,8,0,1,2,D,,A,39,D
20251,05660924,1,9,0,1,2,D,,A,65,D
20251,05661234,1,30,0,1,3,D,,A,15,D
20251,05661234,2,31,0,1,3,D,,A,363,D
20251,05661804,1,34,0,1,7,D,,A,125,D
20251,05662134,1,7,0,1,3,D,,A,300,D
20251,05662464,1,6,0,1,,A,,A,227,F
20251,05662494,1,56,0,1,7,D,,A,10,D
20251,05662624,1,26,0,1,1,D,1,D,39,D
20251,05662984,1,16,0,1,1,D,1,D,234,D
20251,05663294,2,20,0,1,3,D,,A,60,D
20251,05663344,1,7,0,1,3,D,,A,600,D
20251,05663344,2,8,0,1,,A,,A,175,F
20251,05663604,1,20,0,1,2,D,,A,195,D
20251,05664824,1,31,0,1,,A,,A,139,F
20251,05665224,1,58,0,1,3,D,,A,60,D
20251,05665404,2,31,0,1,3,D,,A,27,D
20251,05665854,1,25,0,1,7,D,,A,15,D
20251,05665854,2,26,0,1,7,D,,A,15,D
20251,05665954,1,38,0,1,4,D,,A,187,D
20251,05666564,3,38,0,1,2,D,,A,1040,D
20251,05667274,1,9,0,1,2,D,,A,52,D
20251,05667794,1,20,0,1,3,D,,A,396,D
20251,05667794,3,21,0,1,3,D,,A,396,D
20251,05669404,2,29,0,1,2,D,,A,351,D
20251,05670144,2,42,0,1,2,D,,A,156,D
20251,05671294,1,25,0,1,3,D,,A,285,D
20251,05671824,31,29,0,1,7,D,,A,300,D
20251,05671944,1,29,0,1,7,D,,A,60,D
20251,05673774,1,8,0,1,5,D,,A,50,D
20251,05674224,1,32,0,1,3,D,,A,81,D
20251,05674224,2,33,0,1,3,D,,A,81,D
20251,05674894,1,19,0,1,4,D,,A,96,D
20251,05674904,1,7,0,1,2,D,,A,780,D
20251,05675414,1,35,0,1,7,D,,A,10,D
20251,05675964,1,47,0,1,7,D,,A,9,D
20251,05675964,2,48,0,1,7,D,,A,9,D
20251,05676134,1,25,0,1,3,D,,A,90,D
20251,05676524,1,12,0,1,3,D,,A,81,D
20251,05677194,1,31,0,1,7,D,,A,5,D
20251,05677464,4,30,0,1,3,D,,A,132,D
20251,05679284,1,32,0,1,7,D,,A,3,D
20251,05680634,3,26,0,1,3,D,,A,144,D
20251,05680634,4,27,0,1,3,D,,A,144,D
20251,05681054,1,38,0,1,7,D,,A,50,D
20251,05681084,1,35,0,1,7,D,,A,6,D
20251,05682374,1,18,0,1,3,D,,A,150,D
20251,05683504,1,21,0,1,3,D,,A,120,D
20251,05683944,2,45,0,1,1,D,3,D,468,D
20251,05683994,1,55,0,1,7,D,,A,5,D
20251,05683994,2,56,0,1,7,D,,A,4,D
20251,05684024,1,8,0,1,3,D,,A,90,D
20251,05686454,1,24,0,1,,A,,A,175,F
20251,05686514,1,81,0,1,7,D,,A,70,D
20251,05686514,3,82,0,1,7,D,,A,70,D
20251,05686544,1,32,0,1,7,D,,A,800,D
20251,05686704,1,9,0,1,3,D,,A,69,D
20251,05686844,1,12,0,1,3,D,,A,300,D
20251,05687474,1,17,0,1,3,D,,A,150,D
20251,05687674,1,9,0,1,2,D,,A,819,D
20251,05687704,1,34,0,1,3,D,,A,732,D
20251,05687864,1,6,0,1,,A,,A,175,F
20251,05687984,1,12,0,1,7,D,,A,70,D
20251,05688314,1,8,0,1,3,D,,A,96,D
20251,05689294,1,19,0,1,4,D,,A,140,D
20251,05797533,1,31,0,1,7,D,,A,5,D
20251,05798123,1,29,0,1,7,D,,A,5,D
20251,05798123,2,30,0,1,7,D,,A,5,D
20251,05798483,1,34,0,1,7,D,,A,2,D
20251,05798703,1,17,0,1,7,D,,A,25,D
20251,05798703,2,18,0,1,7,D,,A,25,D
20251,05798723,1,18,0,1,3,D,,A,270,D
20251,05798783,1,43,0,1,3,D,,A,45,D
20251,05798783,3,44,0,1,3,D,,A,45,D
20251,05798783,4,45,0,1,3,D,,A,45,D
20251,05799143,1,39,0,1,7,D,,A,60,D
20251,05799143,2,40,0,1,7,D,,A,60,D
20251,05799143,31,41,0,1,7,D,,A,60,D
20251,05799314,1,12,0,1,1,D,6,D,234,D
20251,05799393,1,23,0,1,7,D,,A,175,D
20251,05799393,31,24,0,1,7,D,,A,175,D
20251,05799753,1,52,0,1,2,D,,A,91,D
20251,05799753,2,53,0,1,2,D,,A,91,D
20251,05799813,1,20,0,1,3,D,,A,90,D
20251,05799963,1,16,0,1,3,D,,A,186,D
20251,05799963,3,17,0,1,3,D,,A,186,D
20251,05799963,4,18,0,1,3,D,,A,186,D
20251,05800073,1,29,0,1,7,D,,A,75,D
20251,05800133,1,29,0,1,7,D,,A,250,D
20251,05800153,1,22,0,1,3,D,,A,90,D
20251,05800153,2,23,0,1,3,D,,A,60,D
20251,05800323,1,29,0,1,3,D,,A,186,D
20251,05801733,1,49,0,1,7,D,,A,25,D
20251,05801803,4,30,0,1,3,D,,A,399,D
20251,05801803,5,31,0,1,3,D,,A,399,D
20251,05801973,1,8,0,1,7,D,,A,3,D
20251,05803663,1,22,0,1,2,D,,A,78,D
20251,05803663,2,23,0,1,2,D,,A,325,D
20251,05803843,1,17,0,1,7,D,,A,7,D
20251,05804023,31,20,0,1,3,D,,A,240,D
20251,05804033,1,39,0,1,3,D,,A,1020,D
20251,05804033,2,40,0,1,3,D,,A,750,D
20251,05804093,1,51,0,1,3,D,,A,126,D
20251,05804193,1,19,0,1,4,D,,A,40,D
20251,05804243,1,42,0,1,3,D,,A,180,D
20251,05804983,1,6,0,1,3,D,,A,360,D
20251,05805033,1,10,0,1,4,D,,A,50,D
20251,05805643,1,21,0,1,3,D,,A,396,D
20251,05805643,2,22,0,1,3,D,,A,396,D
20251,05805643,3,23,0,1,3,D,,A,396,D
20251,05805643,4,24,0,1,3,D,,A,30,D
20251,05805643,5,25,0,1,3,D,,A,195,D
20251,05806593,1,34,0,1,3,D,,A,30,D
20251,05806783,1,14,0,1,3,D,,A,120,D
20251,05807303,1,51,0,1,7,D,,A,8,D
20251,05807843,1,25,0,1,7,D,,A,10,D
20251,05807843,2,26,0,1,7,D,,A,10,D
20251,05807843,3,27,0,1,7,D,,A,10,D
20251,05807863,1,19,0,1,3,D,,A,420,D
20251,05808143,1,15,0,1,2,D,,A,130,D
20251,05809223,1,31,0,1,1,D,1,D,78,D
20251,05809643,1,24,0,1,7,D,,A,115,D
20251,05809643,2,25,0,1,7,D,,A,115,D
20251,05810173,1,26,0,1,7,D,,A,160,D
20251,05810173,2,27,0,1,,A,,A,252,F
20251,05810283,3,33,0,1,2,D,,A,975,D
20251,05810283,4,34,0,1,2,D,,A,390,D
20251,05810283,5,35,0,1,2,D,,A,390,D
20251,05810743,1,33,0,1,3,D,,A,180,D
20251,05810743,4,34,0,1,2,D,,A,390,D
20251,05810973,3,32,0,1,7,D,,A,100,D
20251,05811663,1,41,0,1,3,D,,A,861,D
20251,05811663,3,42,0,1,3,D,,A,1251,D
20251,05812043,1,15,0,1,1,D,1,D,78,D
20251,05813173,1,14,0,1,3,D,,A,51,D
20251,05813313,1,16,0,1,3,D,,A,105,D
20251,05814243,2,21,0,1,3,D,,A,60,D
20251,05814613,1,8,0,1,4,D,,A,50,D
20251,05814943,1,37,0,1,3,D,,A,42,D
20251,05815023,1,10,0,1,3,D,,A,90,D
20251,05815223,1,9,0,1,3,D,,A,78,D
20251,05815283,1,7,0,1,3,D,,A,90,D
20251,05815323,1,24,0,1,3,D,,A,120,D
20251,05815723,1,20,0,1,7,D,,A,6,D
20251,05815723,2,21,0,1,7,D,,A,6,D
20251,05815803,1,34,0,1,7,D,,A,40,D
20251,05816463,1,7,0,1,4,D,,A,90,D
20251,05816953,1,25,0,1,3,D,,A,240,D
20251,05817053,1,52,0,1,7,D,,A,25,D
20251,05817053,2,53,0,1,7,D,,A,25,D
20251,05817053,3,54,0,1,7,D,,A,25,D
20251,05817053,4,55,0,1,7,D,,A,25,D
20251,05817623,1,32,0,1,1,D,6,D,156,D
20251,05817973,3,26,0,1,3,D,,A,300,D
20251,05818023,1,22,0,1,7,D,,A,20,D
20251,05818173,1,25,0,1,3,D,,A,60,D
20251,05818463,1,13,0,1,4,D,,A,20,D
20251,05819183,1,32,0,1,7,D,,A,94,D
20251,05819183,2,33,0,1,7,D,,A,94,D
20251,05819213,1,40,0,1,6,D,,A,75,D
20251,05819913,1,41,0,1,7,D,,A,150,D
20251,05819913,2,42,0,1,7,D,,A,150,D
20251,05819913,4,43,0,1,7,D,,A,150,D
20251,05820313,1,44,0,1,7,D,,A,20,D
20251,05820313,3,45,0,1,7,D,,A,20,D
20251,05821063,3,17,0,1,1,D,5,D,390,D
20251,05821083,3,48,0,1,2,D,,A,520,D
20251,05822423,1,11,0,1,3,D,,A,90,D
20251,05822443,1,11,0,1,3,D,,A,180,D
20251,05822554,1,13,0,1,4,D,,A,5,D
20251,05823063,1,16,0,1,2,D,,A,442,D
20251,05823063,2,17,0,1,2,D,,A,78,D
20251,05823404,1,8,0,1,7,D,,A,1,D
20251,05823483,1,16,0,1,3,D,,A,45,D
20251,05823643,1,38,0,1,7,D,,A,6,D
20251,05823783,1,8,0,1,7,D,,A,20,D
20251,05824123,1,11,0,1,4,D,,A,10,D
20251,05824883,2,38,0,1,3,D,,A,2125,T
20251,05825783,1,16,0,1,3,D,,A,6,D
20251,05826253,1,12,0,1,2,D,,A,130,D
20251,05826963,3,49,0,1,1,D,1,D,260,D
20251,05827643,1,37,0,1,1,D,3,D,2125,T
20251,05828423,1,19,0,1,3,D,,A,30,D
20251,05828483,1,8,0,1,2,D,,A,260,D
20251,05828593,1,19,0,1,3,D,,A,12,D
20251,05828933,1,10,0,1,,A,,A,227,F
20251,05829303,1,30,0,1,7,D,,A,9,D
20251,05829633,1,30,0,1,7,D,,A,225,D
20251,05829843,1,42,0,1,7,D,,A,61,D
20251,05829843,2,43,0,1,7,D,,A,61,D
20251,05829853,1,19,0,1,3,D,,A,255,D
20251,05830702,1,33,0,1,7,D,,A,17,D
20251,05830762,1,29,0,1,7,D,,A,20,D
20251,05830792,1,25,0,1,7,D,,A,4,D
20251,05830792,2,26,0,1,7,D,,A,4,D
20251,05831053,1,9,0,1,7,D,,A,2,D
20251,05831482,3,27,0,1,3,D,,A,474,D
20251,05831482,4,28,0,1,3,D,,A,474,D
20251,05832392,1,48,0,1,3,D,,A,315,D
20251,05832392,2,49,0,1,3,D,,A,315,D
20251,05832402,1,21,0,1,7,D,,A,5,D
20251,05832522,1,16,0,1,7,D,,A,20,D
20251,05832852,2,40,0,1,7,D,,A,10,D
20251,05833102,1,9,0,1,3,D,,A,120,D
20251,05833252,1,10,0,1,3,D,,A,390,D
20251,05833492,1,24,0,1,7,D,,A,15,D
20251,05833492,2,25,0,1,,A,,A,198,F
20251,05833942,1,23,0,1,7,D,,A,120,D
20251,05833942,2,24,0,1,7,D,,A,120,D
20251,05834292,2,27,0,1,3,D,,A,150,D
20251,05834313,1,18,0,1,7,D,,A,7,D
20251,05834313,2,19,0,1,7,D,,A,7,D
20251,05835532,1,24,0,1,7,D,,A,5,D
20251,05835532,2,25,0,1,7,D,,A,5,D
20251,05836032,1,13,0,1,3,D,,A,330,D
20251,05836032,2,14,0,1,3,D,,A,270,D
20251,05836132,1,43,0,1,3,D,,A,30,D
20251,05836222,2,25,0,1,7,D,,A,8,D
20251,05836722,3,19,0,1,3,D,,A,60,D
20251,05836822,1,18,0,1,7,D,,A,38,D
20251,05836922,1,39,0,1,3,D,,A,45,D
20251,05836952,1,13,0,1,3,D,,A,36,D
20251,05837852,1,9,0,1,7,D,,A,3,D
20251,05838062,5,60,0,1,7,D,,A,40,D
20251,05838502,2,18,0,1,2,D,,A,546,D
20251,05838682,1,32,0,1,3,D,,A,150,D
20251,05838732,1,13,0,1,3,D,,A,15,D
20251,05838762,1,14,0,1,3,D,,A,240,D
20251,05838872,1,45,0,1,7,D,,A,7,D
20251,05838872,2,46,0,1,7,D,,A,7,D
20251,05838872,3,47,0,1,,A,,A,252,F
20251,05838872,4,48,0,1,,A,,A,252,F
20251,05839122,1,30,0,1,3,D,,A,84,D
20251,05839412,2,20,0,1,2,D,,A,260,D
20251,05839632,1,31,0,1,7,D,,A,15,D
20251,05839712,1,31,0,1,7,D,,A,20,D
20251,05839712,3,32,0,1,7,D,,A,20,D
20251,05840402,1,10,0,1,,A,,A,164,F
20251,05841062,1,8,0,1,3,D,,A,180,D
20251,05841472,1,12,0,1,3,D,,A,120,D
20251,05841632,1,37,0,1,3,D,,A,9,D
20251,05841982,1,29,0,1,3,D,,A,150,D
20251,05841982,2,30,0,1,3,D,,A,150,D
20251,05841982,3,31,0,1,3,D,,A,150,D
20251,05842242,1,26,0,1,4,D,,A,360,D
20251,05842272,1,7,0,1,2,D,,A,442,D
20251,05842272,2,8,0,1,2,D,,A,442,D
20251,05842272,3,9,0,1,2,D,,A,442,D
20251,05843532,1,10,0,1,3,D,,A,240,D
20251,05843602,1,7,0,1,2,D,,A,520,D
20251,05843812,1,18,0,1,7,D,,A,5,D
20251,05844132,1,8,0,1,3,D,,A,195,D
20251,05844132,2,9,0,1,3,D,,A,195,D
20251,05844253,3,19,0,1,2,D,,A,260,D
20251,05844962,1,28,0,1,7,D,,A,5,D
20251,05844962,2,29,0,1,7,D,,A,5,D
20251,05845202,1,28,0,1,7,D,,A,20,D
20251,05845202,2,29,0,1,7,D,,A,20,D
20251,05846222,1,6,0,1,3,D,,A,420,D
20251,05847094,1,11,0,1,1,D,5,D,390,D
20251,05847222,1,28,0,1,7,D,,A,120,D
20251,05847312,1,43,0,1,3,D,,A,150,D
20251,05847312,2,44,0,1,3,D,,A,150,D
20251,05847782,2,21,0,1,3,D,,A,900,D
20251,05847782,3,22,0,1,3,D,,A,300,D
20251,05848042,2,28,0,1,7,D,,A,4,D
20251,05848262,1,48,0,1,3,D,,A,150,D
20251,05848272,1,18,0,1,3,D,,A,30,D
20251,05848662,1,15,0,1,3,D,,A,108,D
20251,05848962,3,24,0,1,3,D,,A,90,D
20251,05849252,1,61,0,1,7,D,,A,6,D
20251,05849252,2,62,0,1,7,D,,A,6,D
20251,05849372,1,32,0,1,2,D,,A,325,D
20251,05849402,1,22,0,1,3,D,,A,9,D
20251,05850152,1,11,0,1,2,D,,A,442,D
20251,05850152,2,12,0,1,2,D,,A,442,D
20251,05850152,3,13,0,1,2,D,,A,442,D
20251,05850152,4,14,0,1,2,D,,A,442,D
20251,05850152,5,15,0,1,2,D,,A,442,D
20251,05851022,2,20,0,1,3,D,,A,105,D
20251,05855052,2,30,0,1,3,D,,A,240,D
20251,05855232,1,18,0,1,2,D,,A,260,D
20251,05855252,1,7,0,1,2,D,,A,260,D
20251,05855302,2,40,0,1,4,D,,A,100,D
20251,05855612,1,29,0,1,7,D,,A,75,D
20251,05855612,2,30,0,1,7,D,,A,75,D
20251,05857432,1,32,0,1,2,D,,A,390,D
20251,05857732,1,41,0,1,7,D,,A,95,D
20251,05857732,2,42,0,1,7,D,,A,35,D
20251,05857902,1,10,0,1,6,D,,A,11,D
20251,05858542,1,10,0,1,2,D,,A,416,D
20251,05858652,1,51,0,1,7,D,,A,78,D
20251,05858652,2,52,0,1,7,D,,A,78,D
20251,05858652,31,53,0,1,7,D,,A,23,D
20251,05858902,1,9,0,1,3,D,,A,210,D
20251,05859002,1,11,0,1,7,D,,A,20,D
20251,05859272,1,17,0,1,3,D,,A,60,D
20251,05859792,1,11,0,1,2,D,,A,325,D
20251,05859872,1,23,0,1,7,D,,A,6,D
20251,05859872,2,24,0,1,7,D,,A,6,D
20251,05861652,1,13,0,1,2,D,,A,910,D
20251,05861772,1,33,0,1,7,D,,A,100,D
20251,05861772,2,34,0,1,7,D,,A,45,D
20251,05861922,1,14,0,1,3,D,,A,540,D
20251,05861922,3,15,0,1,3,D,,A,441,D
20251,05861942,1,16,0,1,7,D,,A,10,D
20251,05861942,31,17,0,1,7,D,,A,10,D
20251,05863052,1,29,0,1,7,D,,A,25,D
20251,05863052,2,30,0,1,7,D,,A,25,D
20251,05863332,1,25,0,1,7,D,,A,30,D
20251,05863332,2,26,0,1,7,D,,A,30,D
20251,05863522,1,6,0,1,4,D,,A,6,D
20251,05863702,1,15,0,1,3,D,,A,315,D
20251,05864182,1,41,0,1,7,D,,A,70,D
20251,05864192,1,28,0,1,7,D,,A,6,D
20251,05896161,1,17,0,1,2,D,,A,39,D
20251,05896301,1,16,0,1,3,D,,A,42,D
20251,05896371,1,39,0,1,7,D,,A,38,D
20251,05896551,1,15,0,1,2,D,,A,130,D
20251,05896571,1,9,0,1,1,D,5,D,325,D
20251,05896621,1,12,0,1,,A,,A,227,F
20251,05896751,4,19,0,1,3,D,,A,30,D
20251,05897521,1,13,0,1,3,D,,A,60,D
20251,05897671,1,21,0,1,2,D,,A,390,D
20251,05897931,1,12,0,1,2,D,,A,390,D
20251,05897931,2,13,0,1,2,D,,A,390,D
20251,05898441,1,18,0,1,3,D,,A,300,D
20251,05899021,1,23,0,1,7,D,,A,700,D
20251,05899021,2,24,0,1,,A,,A,202,F
20251,05899021,3,25,0,1,,A,,A,202,F
20251,05899271,1,54,0,1,7,D,,A,51,D
20251,05899271,2,55,0,1,7,D,,A,51,D
20251,05899331,1,9,0,1,3,D,,A,60,D
20251,05899491,1,14,0,1,3,D,,A,270,D
20251,05899571,1,36,0,1,2,D,,A,364,D
20251,05899571,2,37,0,1,3,D,,A,45,D
20251,05899571,3,38,0,1,3,D,,A,45,D
20251,05900241,2,16,0,1,3,D,,A,150,D
20251,05900421,1,7,0,1,3,D,,A,9,D
20251,05900511,1,19,0,1,7,D,,A,12,D
20251,05900571,2,16,0,1,2,D,,A,65,D
20251,05900581,1,19,0,1,3,D,,A,180,D
20251,05901451,1,7,0,1,2,D,,A,286,D
20251,05901531,1,10,0,1,3,D,,A,135,D
20251,05901531,31,11,0,1,3,D,,A,135,D
20251,05901931,1,14,0,1,7,D,,A,20,D
20251,05901931,2,15,0,1,7,D,,A,100,D
20251,05901931,3,16,0,1,,A,,A,252,F
20251,05902131,2,10,0,1,3,D,,A,120,D
20251,05902201,1,10,0,1,3,D,,A,120,D
20251,05902321,4,15,0,1,2,D,,A,195,D
20251,05902401,1,13,0,1,3,D,,A,30,D
20251,05902581,1,21,0,1,4,D,,A,48,D
20251,05902854,1,30,0,1,2,D,,A,260,D
20251,05902921,1,25,0,1,1,D,1,D,52,D
20251,05902921,2,26,0,1,1,D,1,D,52,D
20251,05903341,1,6,0,1,1,D,1,D,13,D
20251,05903531,1,52,0,1,3,D,,A,420,D
20251,05903531,2,53,0,1,,A,,A,202,F
20251,05903611,1,16,0,1,3,D,,A,90,D
20251,05904661,3,24,0,1,3,D,,A,150,D
20251,05904671,1,12,0,1,3,D,,A,360,D
20251,05904671,2,13,0,1,3,D,,A,360,D
20251,05904711,1,12,0,1,7,D,,A,3,D
20251,05906251,1,29,0,1,4,D,,A,28,D
20251,05906421,1,8,0,1,3,D,,A,300,D
20251,05906781,1,7,0,1,2,D,,A,195,D
20251,05907051,1,22,0,1,3,D,,A,45,D
20251,05907351,1,23,0,1,7,D,,A,60,D
20251,05907351,2,24,0,1,,A,,A,202,F
20251,05907351,3,25,0,1,,A,,A,202,F
20251,05907351,4,26,0,1,,A,,A,202,F
20251,05907371,3,19,0,1,3,D,,A,6,D
20251,05954591,1,8,0,1,3,D,,A,15,D
20251,05954931,1,8,0,1,2,D,,A,1040,D
20251,05955111,1,15,0,1,7,D,,A,7,D
20251,05955321,1,34,0,1,4,D,,A,30,D
20251,05955321,2,35,0,1,4,D,,A,30,D
20251,05955881,1,7,0,1,3,D,,A,90,D
20251,05956823,1,8,0,1,3,D,,A,45,D
20251,05956911,1,31,0,1,7,D,,A,3,D
20251,05957341,1,21,0,1,7,D,,A,15,D
20251,05957341,2,22,0,1,7,D,,A,15,D
20251,05957681,1,21,0,1,3,D,,A,30,D
20251,05957961,1,14,0,1,7,D,,A,20,D
20251,05959281,1,8,0,1,3,D,,A,12,D
20251,05959451,2,19,0,1,3,D,,A,105,D
20251,05959801,1,24,0,1,3,D,,A,60,D
20251,05960121,2,12,0,1,3,D,,A,225,D
20251,05960381,1,22,0,1,2,D,,A,156,D
20251,05961171,1,28,0,1,3,D,,A,240,D
20251,05961691,4,30,0,1,1,D,3,D,585,D
20251,05962421,1,7,0,1,2,D,,A,416,D
20251,05962421,2,8,0,1,,A,,A,175,F
20251,05962421,3,9,0,1,,A,,A,175,F
20251,05962421,4,10,0,1,,A,,A,175,F
20251,05962601,1,20,0,1,,A,,A,139,F
20251,05963831,1,41,0,1,3,D,,A,90,D
20251,05964111,1,16,0,1,3,D,,A,540,D
20251,05965211,1,8,0,1,2,D,,A,260,D
20251,05965211,2,9,0,1,2,D,,A,260,D
20251,05965211,3,10,0,1,2,D,,A,260,D
20251,05965211,4,11,0,1,2,D,,A,260,D
20251,05965331,1,36,0,1,7,D,,A,20,D
20251,05966801,1,9,0,1,3,D,,A,360,D
20251,05966801,2,10,0,1,3,D,,A,360,D
20251,05967171,1,33,0,1,7,D,,A,12,D
20251,05967424,1,14,0,1,7,D,,A,10,D
20251,05967681,1,18,0,1,7,D,,A,60,D
20251,05968781,1,19,0,1,7,D,,A,6,D
20251,05968781,2,20,0,1,7,D,,A,6,D
20251,05969031,1,11,0,1,4,D,,A,200,D
20251,05969211,1,23,0,1,7,D,,A,16,D
20251,05969371,1,6,0,1,3,D,,A,30,D
20251,05969631,1,12,0,1,6,D,,A,10,D
20251,05969911,1,11,0,1,3,D,,A,300,D
20251,05970341,1,19,0,1,2,D,,A,455,D
20251,05970341,2,20,0,1,3,D,,A,225,D
20251,05970391,1,19,0,1,3,D,,A,60,D
20251,05970651,2,15,0,1,,A,,A,227,F
20251,05970651,3,16,0,1,,A,,A,227,F
20251,05970651,4,17,0,1,,A,,A,227,F
20251,05970701,1,8,0,1,2,D,,A,78,D
20251,05970901,1,19,0,1,4,D,,A,125,D
20251,05970921,31,17,0,1,3,D,,A,227,F
20251,05971241,1,11,0,1,4,D,,A,500,D
20251,05971261,1,15,0,1,1,D,4,D,104,D
20251,05971261,2,16,0,1,1,D,4,D,104,D
20251,05971971,1,7,0,1,3,D,,A,120,D
20251,05972371,1,27,0,1,3,D,,A,759,D
20251,05972971,2,17,0,1,2,D,,A,1300,D
20251,05974211,1,9,0,1,2,D,,A,429,D
20251,05974451,1,19,0,1,3,D,,A,60,D
20251,05974451,2,20,0,1,3,D,,A,60,D
20251,05974891,1,23,0,1,3,D,,A,45,D
20251,05974891,2,24,0,1,3,D,,A,45,D
20251,05975041,1,18,0,1,7,D,,A,30,D
20251,05976271,1,6,0,1,3,D,,A,600,D
20251,05976721,1,11,0,1,1,D,5,D,975,D
20251,05976721,2,12,0,1,1,D,5,D,975,D
20251,05976821,1,10,0,1,7,D,,A,7,D
20251,05977351,1,7,0,1,2,D,,A,429,D
20251,05977351,2,8,0,1,2,D,,A,78,D
20251,05977351,3,9,0,1,2,D,,A,416,D
20251,05977351,4,10,0,1,2,D,,A,312,D
20251,05977351,5,11,0,1,2,D,,A,78,D
20251,05977351,6,12,0,1,2,D,,A,78,D
20251,05977601,1,17,0,1,7,D,,A,10,D
20251,05977611,1,30,0,1,7,D,,A,10,D
20251,05977931,1,9,0,1,,A,,A,175,F
20251,05978211,1,20,0,1,7,D,,A,4,D
20251,05978391,1,12,0,1,4,D,,A,50,D
20251,05979292,2,9,0,1,3,D,,A,339,D
20251,05979751,1,13,0,1,2,D,,A,234,D
20251,05980031,1,9,0,1,3,D,,A,150,D
20251,05980031,2,10,0,1,3,D,,A,150,D
20251,05980461,1,11,0,1,2,D,,A,377,D
20251,05980461,2,12,0,1,2,D,,A,377,D
20251,05981311,1,15,0,1,3,D,,A,360,D
